{
  "_fv": 34,
  "_type": "gui",
  "definition": {
    "type": 0,
    "width": 395,
    "height": 220,
    "inventoryOffsetX": 0,
    "inventoryOffsetY": 0,
    "renderBgLayer": false,
    "doesPauseGame": false,
    "components": [
      {
        "type": "image",
        "data": {
          "image": "planet_teleporter.png",
          "use1Xscale": false,
          "name": "planet_teleporter.png",
          "x": 0,
          "y": 0
        }
      },
      {
        "type": "button",
        "data": {
          "text": "§e\\uE000 Moon \\uE000",
          "onClick": {
            "name": "GoMoon"
          },
          "width": 81,
          "height": 20,
          "name": "§e\\uE000 Moon \\uE000",
          "x": 27,
          "y": 63
        }
      },
      {
        "type": "button",
        "data": {
          "text": "§5Candy Dimension",
          "onClick": {
            "name": "GoCandy"
          },
          "width": 81,
          "height": 20,
          "name": "§5Candy Dimension",
          "x": 27,
          "y": 99
        }
      }
    ],
    "gridSettings": {
      "sx": 18,
      "sy": 18,
      "ox": 17,
      "oy": 17,
      "snapOnGrid": true
    }
  }
}