{
  "_fv": 34,
  "_type": "block",
  "definition": {
    "texture": "scining_cactus_bottom",
    "textureTop": "scining_cactus_top",
    "textureLeft": "scining_cactus_side",
    "textureFront": "scining_cactus_side",
    "textureRight": "scining_cactus_side",
    "textureBack": "scining_cactus_side",
    "renderType": 2,
    "customModelName": "scining_cactus:default",
    "rotationMode": 0,
    "enablePitch": false,
    "emissiveRendering": false,
    "displayFluidOverlay": false,
    "itemTexture": "",
    "particleTexture": "",
    "tintType": "No tint",
    "isItemTinted": false,
    "hasTransparency": true,
    "connectedSides": false,
    "transparencyType": "SOLID",
    "disableOffset": false,
    "boundingBoxes": [
      {
        "mx": 1.0,
        "my": 0.0,
        "mz": 1.0,
        "Mx": 15.0,
        "My": 16.0,
        "Mz": 15.0,
        "subtract": false
      }
    ],
    "name": "Scining Cactus",
    "specialInfo": [],
    "hardness": 1.0,
    "resistance": 10.0,
    "hasGravity": false,
    "isWaterloggable": false,
    "creativeTab": {
      "value": "CUSTOM:EriniumBlocks"
    },
    "destroyTool": "Not specified",
    "customDrop": {
      "value": ""
    },
    "dropAmount": 1,
    "useLootTableForDrops": false,
    "requiresCorrectTool": false,
    "enchantPowerBonus": 0.0,
    "plantsGrowOn": false,
    "canRedstoneConnect": false,
    "lightOpacity": 0,
    "material": {
      "value": "CACTUS"
    },
    "tickRate": 10,
    "tickRandomly": true,
    "isReplaceable": false,
    "canProvidePower": false,
    "emittedRedstonePower": {
      "fixedValue": 15.0
    },
    "colorOnMap": "CYAN",
    "creativePickItem": {
      "value": ""
    },
    "offsetType": "NONE",
    "aiPathNodeType": "DEFAULT",
    "flammability": 0,
    "fireSpreadSpeed": 0,
    "isLadder": false,
    "slipperiness": 0.6,
    "speedFactor": 1.0,
    "jumpFactor": 1.0,
    "reactionToPushing": "NORMAL",
    "isNotColidable": false,
    "isCustomSoundType": false,
    "soundOnStep": {
      "value": "SNOW"
    },
    "breakSound": {
      "value": ""
    },
    "fallSound": {
      "value": ""
    },
    "hitSound": {
      "value": ""
    },
    "placeSound": {
      "value": ""
    },
    "stepSound": {
      "value": ""
    },
    "luminance": 0,
    "unbreakable": false,
    "breakHarvestLevel": 1,
    "spawnParticles": false,
    "particleToSpawn": {
      "value": "EXPLOSION_NORMAL"
    },
    "particleSpawningShape": "Spread",
    "particleSpawningRadious": 0.5,
    "particleAmount": 4,
    "hasInventory": false,
    "guiBoundTo": "<NONE>",
    "openGUIOnRightClick": false,
    "inventorySize": 9,
    "inventoryStackSize": 64,
    "inventoryDropWhenDestroyed": true,
    "inventoryComparatorPower": true,
    "inventoryOutSlotIDs": [],
    "inventoryInSlotIDs": [],
    "hasEnergyStorage": false,
    "energyInitial": 0,
    "energyCapacity": 400000,
    "energyMaxReceive": 200,
    "energyMaxExtract": 200,
    "isFluidTank": false,
    "fluidCapacity": 8000,
    "fluidRestrictions": [],
    "onBlockAdded": {
      "name": "SciningCactusNeighbourBlockChanges"
    },
    "onNeighbourBlockChanges": {
      "name": "SciningCactusNeighbourBlockChanges"
    },
    "onTickUpdate": {
      "name": "SciningCactusUpdateTick"
    },
    "onEntityCollides": {
      "name": "SciningCactusEntityCollidesInTheBlock"
    },
    "onEntityWalksOn": {
      "name": "SciningCactusEntityCollidesInTheBlock"
    },
    "spawnWorldTypes": [
      "Surface"
    ],
    "restrictionBiomes": [
      {
        "value": "CUSTOM:SciningBiome"
      }
    ],
    "blocksToReplace": [
      {
        "value": "Blocks.AIR"
      }
    ],
    "generationShape": "UNIFORM",
    "frequencyPerChunks": 64,
    "frequencyOnChunk": 1,
    "minGenerateHeight": 50,
    "maxGenerateHeight": 100,
    "generateCondition": {
      "name": "SciningCactusAdditionalGenerationCondition"
    }
  }
}