{
	"credit": "Made by JLSkyzer",
	"textures": {
		"particle": "dark_gray",
		"White": "white",
		"light_gray.png": "light_gray",
		"light_bleu-green.png": "light_bleu-green",
		"liquid": "dark_pink_2"
	},
	"elements": [
		{
			"from": [5, 0, 13],
			"to": [11, 16, 14],
			"faces": {
				"north": {"uv": [0, 0, 16, 16], "texture": "#dark_gray"},
				"east": {"uv": [0, 0, 16, 16], "texture": "#dark_gray"},
				"south": {"uv": [0, 0, 16, 16], "texture": "#dark_gray"},
				"west": {"uv": [0, 0, 16, 16], "texture": "#dark_gray"},
				"up": {"uv": [0, 0, 16, 16], "texture": "#dark_gray"},
				"down": {"uv": [0, 0, 16, 16], "texture": "#dark_gray"}
			}
		},
		{
			"from": [3, 15, 3],
			"to": [13, 16, 13],
			"faces": {
				"north": {"uv": [0, 0, 16, 16], "texture": "#dark_gray"},
				"east": {"uv": [0, 0, 16, 16], "texture": "#dark_gray"},
				"south": {"uv": [0, 0, 16, 16], "texture": "#dark_gray"},
				"west": {"uv": [0, 0, 16, 16], "texture": "#dark_gray"},
				"up": {"uv": [0, 0, 16, 16], "texture": "#dark_gray"},
				"down": {"uv": [0, 0, 16, 16], "texture": "#dark_gray"}
			}
		},
		{
			"from": [13, 0, 9],
			"to": [15, 14, 10],
			"faces": {
				"north": {"uv": [0, 0, 4, 13], "texture": "#gradient_gray"},
				"east": {"uv": [0, 0, 4, 13], "texture": "#gradient_gray"},
				"south": {"uv": [0, 0, 4, 13], "texture": "#gradient_gray"},
				"west": {"uv": [0, 0, 4, 13], "texture": "#gradient_gray"},
				"up": {"uv": [0, 0, 4, 13], "texture": "#gradient_gray"},
				"down": {"uv": [0, 0, 4, 13], "texture": "#gradient_gray"}
			}
		},
		{
			"from": [13, 0, 6],
			"to": [15, 14, 7],
			"faces": {
				"north": {"uv": [0, 0, 4, 13], "texture": "#gradient_gray"},
				"east": {"uv": [0, 0, 4, 13], "texture": "#gradient_gray"},
				"south": {"uv": [0, 0, 4, 13], "texture": "#gradient_gray"},
				"west": {"uv": [0, 0, 4, 13], "texture": "#gradient_gray"},
				"up": {"uv": [0, 0, 4, 13], "texture": "#gradient_gray"},
				"down": {"uv": [0, 0, 4, 13], "texture": "#gradient_gray"}
			}
		},
		{
			"from": [15, 0, 7],
			"to": [16, 14, 9],
			"faces": {
				"north": {"uv": [0, 0, 4, 13], "texture": "#gradient_gray"},
				"east": {"uv": [0, 0, 4, 13], "texture": "#gradient_gray"},
				"south": {"uv": [0, 0, 4, 13], "texture": "#gradient_gray"},
				"west": {"uv": [0, 0, 4, 13], "texture": "#gradient_gray"},
				"up": {"uv": [0, 0, 4, 13], "texture": "#gradient_gray"},
				"down": {"uv": [0, 0, 4, 13], "texture": "#gradient_gray"}
			}
		},
		{
			"from": [12, 0, 7],
			"to": [13, 14, 9],
			"faces": {
				"north": {"uv": [0, 0, 4, 13], "texture": "#gradient_gray"},
				"east": {"uv": [0, 0, 4, 13], "texture": "#gradient_gray"},
				"south": {"uv": [0, 0, 4, 13], "texture": "#gradient_gray"},
				"west": {"uv": [0, 0, 4, 13], "texture": "#gradient_gray"},
				"up": {"uv": [0, 0, 4, 13], "texture": "#gradient_gray"},
				"down": {"uv": [0, 0, 4, 13], "texture": "#gradient_gray"}
			}
		},
		{
			"from": [1, 0, 9],
			"to": [3, 14, 10],
			"faces": {
				"north": {"uv": [0, 0, 4, 13], "texture": "#gradient_gray"},
				"east": {"uv": [0, 0, 4, 13], "texture": "#gradient_gray"},
				"south": {"uv": [0, 0, 4, 13], "texture": "#gradient_gray"},
				"west": {"uv": [0, 0, 4, 13], "texture": "#gradient_gray"},
				"up": {"uv": [0, 0, 4, 13], "texture": "#gradient_gray"},
				"down": {"uv": [0, 0, 4, 13], "texture": "#gradient_gray"}
			}
		},
		{
			"from": [0, 0, 7],
			"to": [1, 14, 9],
			"faces": {
				"north": {"uv": [0, 0, 4, 13], "texture": "#gradient_gray"},
				"east": {"uv": [0, 0, 4, 13], "texture": "#gradient_gray"},
				"south": {"uv": [0, 0, 4, 13], "texture": "#gradient_gray"},
				"west": {"uv": [0, 0, 4, 13], "texture": "#gradient_gray"},
				"up": {"uv": [0, 0, 4, 13], "texture": "#gradient_gray"},
				"down": {"uv": [0, 0, 4, 13], "texture": "#gradient_gray"}
			}
		},
		{
			"from": [1, 0, 6],
			"to": [3, 14, 7],
			"faces": {
				"north": {"uv": [0, 0, 4, 13], "texture": "#gradient_gray"},
				"east": {"uv": [0, 0, 4, 13], "texture": "#gradient_gray"},
				"south": {"uv": [0, 0, 4, 13], "texture": "#gradient_gray"},
				"west": {"uv": [0, 0, 4, 13], "texture": "#gradient_gray"},
				"up": {"uv": [0, 0, 4, 13], "texture": "#gradient_gray"},
				"down": {"uv": [0, 0, 4, 13], "texture": "#gradient_gray"}
			}
		},
		{
			"from": [3, 0, 7],
			"to": [4, 14, 9],
			"faces": {
				"north": {"uv": [0, 0, 4, 13], "texture": "#gradient_gray"},
				"east": {"uv": [0, 0, 4, 13], "texture": "#gradient_gray"},
				"south": {"uv": [0, 0, 4, 13], "texture": "#gradient_gray"},
				"west": {"uv": [0, 0, 4, 13], "texture": "#gradient_gray"},
				"up": {"uv": [0, 0, 4, 13], "texture": "#gradient_gray"},
				"down": {"uv": [0, 0, 4, 13], "texture": "#gradient_gray"}
			}
		},
		{
			"from": [0, 14, 6],
			"to": [4, 15, 10],
			"faces": {
				"north": {"uv": [0, 0, 4, 1], "texture": "#light_bleu-green.png"},
				"east": {"uv": [0, 0, 4, 1], "texture": "#light_bleu-green.png"},
				"south": {"uv": [0, 0, 4, 1], "texture": "#light_bleu-green.png"},
				"west": {"uv": [0, 0, 4, 1], "texture": "#light_bleu-green.png"},
				"up": {"uv": [0, 0, 4, 1], "texture": "#light_bleu-green.png"},
				"down": {"uv": [0, 0, 4, 1], "texture": "#light_bleu-green.png"}
			}
		},
		{
			"from": [12, 14, 6],
			"to": [16, 15, 10],
			"faces": {
				"north": {"uv": [0, 0, 4, 1], "texture": "#light_bleu-green.png"},
				"east": {"uv": [0, 0, 4, 1], "texture": "#light_bleu-green.png"},
				"south": {"uv": [0, 0, 4, 1], "texture": "#light_bleu-green.png"},
				"west": {"uv": [0, 0, 4, 1], "texture": "#light_bleu-green.png"},
				"up": {"uv": [0, 0, 4, 1], "texture": "#light_bleu-green.png"},
				"down": {"uv": [0, 0, 4, 1], "texture": "#light_bleu-green.png"}
			}
		},
		{
			"from": [7, 12, 7],
			"to": [9, 15, 9],
			"faces": {
				"north": {"uv": [0, 0, 16, 16], "texture": "#light_gray.png"},
				"east": {"uv": [0, 0, 16, 16], "texture": "#light_gray.png"},
				"south": {"uv": [0, 0, 16, 16], "texture": "#light_gray.png"},
				"west": {"uv": [0, 0, 16, 16], "texture": "#light_gray.png"},
				"up": {"uv": [0, 0, 16, 16], "texture": "#light_gray.png"},
				"down": {"uv": [0, 0, 16, 16], "texture": "#light_gray.png"}
			}
		},
		{
			"from": [6.5, 11.5, 7.5],
			"to": [7, 12.5, 8.5],
			"faces": {
				"north": {"uv": [0, 0, 16, 16], "texture": "#White"},
				"east": {"uv": [0, 0, 16, 16], "texture": "#White"},
				"south": {"uv": [0, 0, 16, 16], "texture": "#White"},
				"west": {"uv": [0, 0, 16, 16], "texture": "#White"},
				"up": {"uv": [0, 0, 16, 16], "texture": "#White"},
				"down": {"uv": [0, 0, 16, 16], "texture": "#White"}
			}
		},
		{
			"from": [9, 11.5, 7.5],
			"to": [9.5, 12.5, 8.5],
			"faces": {
				"north": {"uv": [0, 0, 16, 16], "texture": "#White"},
				"east": {"uv": [0, 0, 16, 16], "texture": "#White"},
				"south": {"uv": [0, 0, 16, 16], "texture": "#White"},
				"west": {"uv": [0, 0, 16, 16], "texture": "#White"},
				"up": {"uv": [0, 0, 16, 16], "texture": "#White"},
				"down": {"uv": [0, 0, 16, 16], "texture": "#White"}
			}
		},
		{
			"from": [7, 10.5, 7.5],
			"to": [7.5, 11.5, 8.5],
			"faces": {
				"north": {"uv": [0, 0, 16, 16], "texture": "#White"},
				"east": {"uv": [0, 0, 16, 16], "texture": "#White"},
				"south": {"uv": [0, 0, 16, 16], "texture": "#White"},
				"west": {"uv": [0, 0, 16, 16], "texture": "#White"},
				"up": {"uv": [0, 0, 16, 16], "texture": "#White"},
				"down": {"uv": [0, 0, 16, 16], "texture": "#White"}
			}
		},
		{
			"from": [8.5, 10.5, 7.5],
			"to": [9, 11.5, 8.5],
			"faces": {
				"north": {"uv": [0, 0, 16, 16], "texture": "#White"},
				"east": {"uv": [0, 0, 16, 16], "texture": "#White"},
				"south": {"uv": [0, 0, 16, 16], "texture": "#White"},
				"west": {"uv": [0, 0, 16, 16], "texture": "#White"},
				"up": {"uv": [0, 0, 16, 16], "texture": "#White"},
				"down": {"uv": [0, 0, 16, 16], "texture": "#White"}
			}
		},
		{
			"from": [6, 9.5, 7.5],
			"to": [6.5, 10, 8.5],
			"faces": {
				"north": {"uv": [0, 0, 16, 16], "texture": "#White"},
				"east": {"uv": [0, 0, 16, 16], "texture": "#White"},
				"south": {"uv": [0, 0, 16, 16], "texture": "#White"},
				"west": {"uv": [0, 0, 16, 16], "texture": "#White"},
				"up": {"uv": [0, 0, 16, 16], "texture": "#White"},
				"down": {"uv": [0, 0, 16, 16], "texture": "#White"}
			}
		},
		{
			"from": [6, 6.5, 7.5],
			"to": [6.5, 7, 8.5],
			"faces": {
				"north": {"uv": [0, 0, 16, 16], "texture": "#White"},
				"east": {"uv": [0, 0, 16, 16], "texture": "#White"},
				"south": {"uv": [0, 0, 16, 16], "texture": "#White"},
				"west": {"uv": [0, 0, 16, 16], "texture": "#White"},
				"up": {"uv": [0, 0, 16, 16], "texture": "#White"},
				"down": {"uv": [0, 0, 16, 16], "texture": "#White"}
			}
		},
		{
			"from": [6.5, 10, 7.5],
			"to": [7, 10.5, 8.5],
			"faces": {
				"north": {"uv": [0, 0, 16, 16], "texture": "#White"},
				"east": {"uv": [0, 0, 16, 16], "texture": "#White"},
				"south": {"uv": [0, 0, 16, 16], "texture": "#White"},
				"west": {"uv": [0, 0, 16, 16], "texture": "#White"},
				"up": {"uv": [0, 0, 16, 16], "texture": "#White"},
				"down": {"uv": [0, 0, 16, 16], "texture": "#White"}
			}
		},
		{
			"from": [9, 10, 7.5],
			"to": [9.5, 10.5, 8.5],
			"faces": {
				"north": {"uv": [0, 0, 16, 16], "texture": "#White"},
				"east": {"uv": [0, 0, 16, 16], "texture": "#White"},
				"south": {"uv": [0, 0, 16, 16], "texture": "#White"},
				"west": {"uv": [0, 0, 16, 16], "texture": "#White"},
				"up": {"uv": [0, 0, 16, 16], "texture": "#White"},
				"down": {"uv": [0, 0, 16, 16], "texture": "#White"}
			}
		},
		{
			"from": [10, 7, 7.5],
			"to": [10.5, 9.5, 8.5],
			"faces": {
				"north": {"uv": [0, 0, 16, 16], "texture": "#White"},
				"east": {"uv": [0, 0, 16, 16], "texture": "#White"},
				"south": {"uv": [0, 0, 16, 16], "texture": "#White"},
				"west": {"uv": [0, 0, 16, 16], "texture": "#White"},
				"up": {"uv": [0, 0, 16, 16], "texture": "#White"},
				"down": {"uv": [0, 0, 16, 16], "texture": "#White"}
			}
		},
		{
			"from": [5.5, 7, 7.5],
			"to": [6, 9.5, 8.5],
			"faces": {
				"north": {"uv": [0, 0, 16, 16], "texture": "#White"},
				"east": {"uv": [0, 0, 16, 16], "texture": "#White"},
				"south": {"uv": [0, 0, 16, 16], "texture": "#White"},
				"west": {"uv": [0, 0, 16, 16], "texture": "#White"},
				"up": {"uv": [0, 0, 16, 16], "texture": "#White"},
				"down": {"uv": [0, 0, 16, 16], "texture": "#White"}
			}
		},
		{
			"from": [9.5, 9.5, 7.5],
			"to": [10, 10, 8.5],
			"faces": {
				"north": {"uv": [0, 0, 16, 16], "texture": "#White"},
				"east": {"uv": [0, 0, 16, 16], "texture": "#White"},
				"south": {"uv": [0, 0, 16, 16], "texture": "#White"},
				"west": {"uv": [0, 0, 16, 16], "texture": "#White"},
				"up": {"uv": [0, 0, 16, 16], "texture": "#White"},
				"down": {"uv": [0, 0, 16, 16], "texture": "#White"}
			}
		},
		{
			"from": [9.5, 6.5, 7.5],
			"to": [10, 7, 8.5],
			"faces": {
				"north": {"uv": [0, 0, 16, 16], "texture": "#White"},
				"east": {"uv": [0, 0, 16, 16], "texture": "#White"},
				"south": {"uv": [0, 0, 16, 16], "texture": "#White"},
				"west": {"uv": [0, 0, 16, 16], "texture": "#White"},
				"up": {"uv": [0, 0, 16, 16], "texture": "#White"},
				"down": {"uv": [0, 0, 16, 16], "texture": "#White"}
			}
		},
		{
			"from": [6.5, 6, 7.5],
			"to": [9.5, 6.5, 8.5],
			"faces": {
				"north": {"uv": [0, 0, 16, 16], "texture": "#White"},
				"east": {"uv": [0, 0, 16, 16], "texture": "#White"},
				"south": {"uv": [0, 0, 16, 16], "texture": "#White"},
				"west": {"uv": [0, 0, 16, 16], "texture": "#White"},
				"up": {"uv": [0, 0, 16, 16], "texture": "#White"},
				"down": {"uv": [0, 0, 16, 16], "texture": "#White"}
			}
		},
		{
			"from": [4, 14, 6.9],
			"to": [12, 15, 9.1],
			"faces": {
				"north": {"uv": [0, 0, 8, 1], "texture": "#light_gray.png"},
				"east": {"uv": [0, 0, 8, 1], "texture": "#light_gray.png"},
				"south": {"uv": [0, 0, 8, 1], "texture": "#light_gray.png"},
				"west": {"uv": [0, 0, 8, 1], "texture": "#light_gray.png"},
				"up": {"uv": [0, 0, 8, 1], "texture": "#light_gray.png"},
				"down": {"uv": [0, 0, 8, 1], "texture": "#light_gray.png"}
			}
		},
		{
			"from": [6.5, 6.5, 7.5],
			"to": [9.5, 7, 8.5],
			"faces": {
				"north": {"uv": [0, 0, 16, 16], "texture": "#liquid"},
				"east": {"uv": [0, 0, 16, 16], "texture": "#liquid"},
				"south": {"uv": [0, 0, 16, 16], "texture": "#liquid"},
				"west": {"uv": [0, 0, 16, 16], "texture": "#liquid"},
				"up": {"uv": [0, 0, 16, 16], "texture": "#liquid"},
				"down": {"uv": [0, 0, 16, 16], "texture": "#liquid"}
			}
		}
	],
	"display": {
		"thirdperson_righthand": {
			"rotation": [109.25, 0, 0],
			"translation": [0, 1.75, 0],
			"scale": [0.4668, 0.36914, 0.59766]
		},
		"thirdperson_lefthand": {
			"rotation": [109.25, 0, 0],
			"translation": [0, 1.75, 0],
			"scale": [0.4668, 0.36914, 0.59766]
		},
		"firstperson_righthand": {
			"rotation": [0, 85.25, 0],
			"translation": [0, 2, 2.75],
			"scale": [0.48047, 0.53516, 0.35352]
		},
		"firstperson_lefthand": {
			"rotation": [0, 85.25, 0],
			"translation": [0, 2, 2.75],
			"scale": [0.48047, 0.53516, 0.35352]
		},
		"ground": {
			"scale": [0.5, 0.5, 0.5]
		},
		"gui": {
			"rotation": [-180, -1.5, -180]
		},
		"fixed": {
			"translation": [0, 0, -5.25]
		}
	},
	"groups": [
		0,
		1,
		2,
		3,
		4,
		5,
		6,
		7,
		8,
		9,
		10,
		11,
		12,
		{
			"name": "Bottle",
			"origin": [8, 8, 8],
			"color": 0,
			"nbt": "{}",
			"armAnimationEnabled": false,
			"children": [13, 14, 15, 16, 17, 18, 19, 20, 21, 22, 23, 24, 25]
		},
		26,
		{
			"name": "Liquid",
			"origin": [8, 8, 8],
			"color": 0,
			"nbt": "{}",
			"armAnimationEnabled": false,
			"children": [27]
		}
	]
}