{
	"credit": "Made by JLSkyzer",
	"textures": {
		"particle": "cnc panel",
		"cnc panel.png": "cnc panel",
		"black.png": "black",
		"glass_32.png": "glass_32",
		"white.png": "white",
		"white metal.png": "white metal",
		"métal.png": "métal",
		"black metal.png": "black metal",
		"dark metal.png": "dark metal",
		"dark_gray.png": "dark_gray",
		"inox.png": "inox"
	},
	"elements": [
		{
			"from": [-16, 0, 3],
			"to": [32, 5, 32],
			"faces": {
				"north": {"uv": [0, 0, 16, 5], "texture": "#black.png"},
				"east": {"uv": [0, 0, 16, 5], "texture": "#black.png"},
				"south": {"uv": [0, 0, 16, 5], "texture": "#black.png"},
				"west": {"uv": [0, 0, 16, 5], "texture": "#black.png"},
				"up": {"uv": [0, 0, 16, 5], "texture": "#black.png"},
				"down": {"uv": [0, 0, 16, 5], "texture": "#black.png"}
			}
		},
		{
			"from": [-16, 5, 0],
			"to": [32, 7, 32],
			"faces": {
				"north": {"uv": [0, 0, 16, 2], "texture": "#white metal.png"},
				"east": {"uv": [0, 0, 16, 2], "texture": "#white metal.png"},
				"south": {"uv": [0, 0, 16, 2], "texture": "#white metal.png"},
				"west": {"uv": [0, 0, 16, 2], "texture": "#white metal.png"},
				"up": {"uv": [0, 0, 16, 16], "texture": "#white metal.png"},
				"down": {"uv": [0, 0, 16, 2], "texture": "#white metal.png"}
			}
		},
		{
			"from": [21, 7, 0],
			"to": [32, 32, 1],
			"faces": {
				"north": {"uv": [0, 0, 1, 16], "texture": "#white.png"},
				"east": {"uv": [0, 0, 1, 16], "texture": "#white.png"},
				"south": {"uv": [0, 0, 1, 16], "texture": "#white.png"},
				"west": {"uv": [0, 0, 1, 16], "texture": "#white.png"},
				"up": {"uv": [0, 0, 1, 16], "texture": "#white.png"},
				"down": {"uv": [0, 0, 1, 16], "texture": "#white.png"}
			}
		},
		{
			"from": [-16, 7, 0],
			"to": [3, 32, 1],
			"faces": {
				"north": {"uv": [0, 0, 1, 16], "texture": "#white.png"},
				"east": {"uv": [0, 0, 1, 16], "texture": "#white.png"},
				"south": {"uv": [0, 0, 1, 16], "texture": "#white.png"},
				"west": {"uv": [0, 0, 1, 16], "texture": "#white.png"},
				"up": {"uv": [0, 0, 1, 16], "texture": "#white.png"},
				"down": {"uv": [0, 0, 1, 16], "texture": "#white.png"}
			}
		},
		{
			"from": [3, 30, 0],
			"to": [21, 32, 1],
			"faces": {
				"north": {"uv": [0, 0, 1, 2], "texture": "#white.png"},
				"east": {"uv": [0, 0, 1, 2], "texture": "#white.png"},
				"south": {"uv": [0, 0, 1, 2], "texture": "#white.png"},
				"west": {"uv": [0, 0, 1, 2], "texture": "#white.png"},
				"up": {"uv": [0, 0, 1, 2], "texture": "#white.png"},
				"down": {"uv": [0, 0, 1, 2], "texture": "#white.png"}
			}
		},
		{
			"from": [3, 7, 0],
			"to": [21, 9, 1],
			"faces": {
				"north": {"uv": [0, 0, 1, 2], "texture": "#white.png"},
				"east": {"uv": [0, 0, 1, 2], "texture": "#white.png"},
				"south": {"uv": [0, 0, 1, 2], "texture": "#white.png"},
				"west": {"uv": [0, 0, 1, 2], "texture": "#white.png"},
				"up": {"uv": [0, 0, 1, 2], "texture": "#white.png"},
				"down": {"uv": [0, 0, 1, 2], "texture": "#white.png"}
			}
		},
		{
			"from": [3, 9, 0],
			"to": [21, 30, 1],
			"faces": {
				"north": {"uv": [0, 0, 16, 16], "texture": "#glass_32.png"},
				"east": {"uv": [0, 0, 16, 16], "texture": "#glass_32.png"},
				"south": {"uv": [0, 0, 16, 16], "texture": "#glass_32.png"},
				"west": {"uv": [0, 0, 16, 16], "texture": "#glass_32.png"},
				"up": {"uv": [0, 0, 16, 16], "texture": "#glass_32.png"},
				"down": {"uv": [0, 0, 16, 16], "texture": "#glass_32.png"}
			}
		},
		{
			"from": [-16, 7, 1],
			"to": [-15, 32, 32],
			"faces": {
				"north": {"uv": [0, 0, 16, 16], "texture": "#white.png"},
				"east": {"uv": [0, 0, 16, 16], "texture": "#white.png"},
				"south": {"uv": [0, 0, 16, 16], "texture": "#white.png"},
				"west": {"uv": [0, 0, 16, 16], "texture": "#white.png"},
				"up": {"uv": [0, 0, 16, 16], "texture": "#white.png"},
				"down": {"uv": [0, 0, 16, 16], "texture": "#white.png"}
			}
		},
		{
			"from": [31, 7, 1],
			"to": [32, 32, 32],
			"faces": {
				"north": {"uv": [0, 0, 16, 16], "texture": "#white.png"},
				"east": {"uv": [0, 0, 16, 16], "texture": "#white.png"},
				"south": {"uv": [0, 0, 16, 16], "texture": "#white.png"},
				"west": {"uv": [0, 0, 16, 16], "texture": "#white.png"},
				"up": {"uv": [0, 0, 16, 16], "texture": "#white.png"},
				"down": {"uv": [0, 0, 16, 16], "texture": "#white.png"}
			}
		},
		{
			"from": [-15, 7, 31],
			"to": [31, 32, 32],
			"faces": {
				"north": {"uv": [0, 0, 1, 16], "texture": "#white.png"},
				"east": {"uv": [0, 0, 1, 16], "texture": "#white.png"},
				"south": {"uv": [0, 0, 1, 16], "texture": "#white.png"},
				"west": {"uv": [0, 0, 1, 16], "texture": "#white.png"},
				"up": {"uv": [0, 0, 1, 16], "texture": "#white.png"},
				"down": {"uv": [0, 0, 1, 16], "texture": "#white.png"}
			}
		},
		{
			"from": [3, 23, 22],
			"to": [9, 32, 28],
			"faces": {
				"north": {"uv": [0, 0, 6, 9], "texture": "#dark_gray.png"},
				"east": {"uv": [0, 0, 6, 9], "texture": "#dark_gray.png"},
				"south": {"uv": [0, 0, 6, 9], "texture": "#dark_gray.png"},
				"west": {"uv": [0, 0, 6, 9], "texture": "#dark_gray.png"},
				"up": {"uv": [0, 0, 6, 9], "texture": "#dark_gray.png"},
				"down": {"uv": [0, 0, 6, 9], "texture": "#dark_gray.png"}
			}
		},
		{
			"from": [3, 18, 28],
			"to": [9, 32, 31],
			"faces": {
				"north": {"uv": [0, 0, 6, 3], "texture": "#white metal.png"},
				"east": {"uv": [0, 0, 6, 3], "texture": "#white metal.png"},
				"south": {"uv": [0, 0, 6, 3], "texture": "#white metal.png"},
				"west": {"uv": [0, 0, 6, 3], "texture": "#white metal.png"},
				"up": {"uv": [0, 0, 6, 3], "texture": "#white metal.png"},
				"down": {"uv": [0, 0, 6, 3], "texture": "#white metal.png"}
			}
		},
		{
			"from": [4, 21, 23],
			"to": [8, 23, 27],
			"faces": {
				"north": {"uv": [0, 0, 4, 2], "texture": "#dark_gray.png"},
				"east": {"uv": [0, 0, 4, 2], "texture": "#dark_gray.png"},
				"south": {"uv": [0, 0, 4, 2], "texture": "#dark_gray.png"},
				"west": {"uv": [0, 0, 4, 2], "texture": "#dark_gray.png"},
				"up": {"uv": [0, 0, 4, 2], "texture": "#dark_gray.png"},
				"down": {"uv": [0, 0, 4, 2], "texture": "#dark_gray.png"}
			}
		},
		{
			"from": [5, 19, 24],
			"to": [7, 21, 26],
			"faces": {
				"north": {"uv": [0, 0, 2, 2], "texture": "#dark_gray.png"},
				"east": {"uv": [0, 0, 2, 2], "texture": "#dark_gray.png"},
				"south": {"uv": [0, 0, 2, 2], "texture": "#dark_gray.png"},
				"west": {"uv": [0, 0, 2, 2], "texture": "#dark_gray.png"},
				"up": {"uv": [0, 0, 2, 2], "texture": "#dark_gray.png"},
				"down": {"uv": [0, 0, 2, 2], "texture": "#dark_gray.png"}
			}
		},
		{
			"from": [10, 7, 7],
			"to": [15, 10, 31],
			"faces": {
				"north": {"uv": [0, 0, 5, 16], "texture": "#métal.png"},
				"east": {"uv": [0, 0, 5, 16], "texture": "#métal.png"},
				"south": {"uv": [0, 0, 5, 16], "texture": "#métal.png"},
				"west": {"uv": [0, 0, 5, 16], "texture": "#métal.png"},
				"up": {"uv": [0, 0, 5, 16], "texture": "#métal.png"},
				"down": {"uv": [0, 0, 5, 16], "texture": "#métal.png"}
			}
		},
		{
			"from": [0, 7, 7],
			"to": [5, 10, 31],
			"faces": {
				"north": {"uv": [0, 0, 5, 16], "texture": "#métal.png"},
				"east": {"uv": [0, 0, 5, 16], "texture": "#métal.png"},
				"south": {"uv": [0, 0, 5, 16], "texture": "#métal.png"},
				"west": {"uv": [0, 0, 5, 16], "texture": "#métal.png"},
				"up": {"uv": [0, 0, 5, 16], "texture": "#métal.png"},
				"down": {"uv": [0, 0, 5, 16], "texture": "#métal.png"}
			}
		},
		{
			"from": [5, 7, 7],
			"to": [10, 9, 31],
			"faces": {
				"north": {"uv": [0, 0, 5, 16], "texture": "#métal.png"},
				"east": {"uv": [0, 0, 5, 16], "texture": "#métal.png"},
				"south": {"uv": [0, 0, 5, 16], "texture": "#métal.png"},
				"west": {"uv": [0, 0, 5, 16], "texture": "#métal.png"},
				"up": {"uv": [0, 0, 5, 16], "texture": "#métal.png"},
				"down": {"uv": [0, 0, 5, 16], "texture": "#métal.png"}
			}
		},
		{
			"from": [-7, 10, 4],
			"to": [25, 11, 16],
			"faces": {
				"north": {"uv": [0, 0, 16, 12], "texture": "#métal.png"},
				"east": {"uv": [0, 0, 16, 12], "texture": "#métal.png"},
				"south": {"uv": [0, 0, 16, 12], "texture": "#métal.png"},
				"west": {"uv": [0, 0, 16, 12], "texture": "#métal.png"},
				"up": {"uv": [0, 0, 16, 12], "texture": "#métal.png"},
				"down": {"uv": [0, 0, 16, 12], "texture": "#métal.png"}
			}
		},
		{
			"from": [-7, 11, 4],
			"to": [-6, 12.6, 16],
			"faces": {
				"north": {"uv": [0, 0, 1, 12], "texture": "#métal.png"},
				"east": {"uv": [0, 0, 1, 12], "texture": "#métal.png"},
				"south": {"uv": [0, 0, 1, 12], "texture": "#métal.png"},
				"west": {"uv": [0, 0, 1, 12], "texture": "#métal.png"},
				"up": {"uv": [0, 0, 1, 12], "texture": "#métal.png"},
				"down": {"uv": [0, 0, 1, 12], "texture": "#métal.png"}
			}
		},
		{
			"from": [24, 11, 4],
			"to": [25, 12.6, 16],
			"faces": {
				"north": {"uv": [0, 0, 1, 12], "texture": "#métal.png"},
				"east": {"uv": [0, 0, 1, 12], "texture": "#métal.png"},
				"south": {"uv": [0, 0, 1, 12], "texture": "#métal.png"},
				"west": {"uv": [0, 0, 1, 12], "texture": "#métal.png"},
				"up": {"uv": [0, 0, 1, 12], "texture": "#métal.png"},
				"down": {"uv": [0, 0, 1, 12], "texture": "#métal.png"}
			}
		},
		{
			"from": [-6, 11, 15],
			"to": [24, 12.6, 16],
			"faces": {
				"north": {"uv": [0, 0, 16, 1], "texture": "#métal.png"},
				"east": {"uv": [0, 0, 16, 1], "texture": "#métal.png"},
				"south": {"uv": [0, 0, 16, 1], "texture": "#métal.png"},
				"west": {"uv": [0, 0, 16, 1], "texture": "#métal.png"},
				"up": {"uv": [0, 0, 16, 1], "texture": "#métal.png"},
				"down": {"uv": [0, 0, 16, 1], "texture": "#métal.png"}
			}
		},
		{
			"from": [-3, 12, 13],
			"to": [21, 12.6, 14],
			"faces": {
				"north": {"uv": [0, 0, 16, 1], "texture": "#métal.png"},
				"east": {"uv": [0, 0, 16, 1], "texture": "#métal.png"},
				"south": {"uv": [0, 0, 16, 1], "texture": "#métal.png"},
				"west": {"uv": [0, 0, 16, 1], "texture": "#métal.png"},
				"up": {"uv": [0, 0, 16, 1], "texture": "#métal.png"},
				"down": {"uv": [0, 0, 16, 1], "texture": "#métal.png"}
			}
		},
		{
			"from": [-3, 12, 11],
			"to": [21, 12.6, 12],
			"faces": {
				"north": {"uv": [0, 0, 16, 1], "texture": "#métal.png"},
				"east": {"uv": [0, 0, 16, 1], "texture": "#métal.png"},
				"south": {"uv": [0, 0, 16, 1], "texture": "#métal.png"},
				"west": {"uv": [0, 0, 16, 1], "texture": "#métal.png"},
				"up": {"uv": [0, 0, 16, 1], "texture": "#métal.png"},
				"down": {"uv": [0, 0, 16, 1], "texture": "#métal.png"}
			}
		},
		{
			"from": [-3, 12, 9],
			"to": [21, 12.6, 10],
			"faces": {
				"north": {"uv": [0, 0, 16, 1], "texture": "#métal.png"},
				"east": {"uv": [0, 0, 16, 1], "texture": "#métal.png"},
				"south": {"uv": [0, 0, 16, 1], "texture": "#métal.png"},
				"west": {"uv": [0, 0, 16, 1], "texture": "#métal.png"},
				"up": {"uv": [0, 0, 16, 1], "texture": "#métal.png"},
				"down": {"uv": [0, 0, 16, 1], "texture": "#métal.png"}
			}
		},
		{
			"from": [-3, 12, 7],
			"to": [21, 12.6, 8],
			"faces": {
				"north": {"uv": [0, 0, 16, 1], "texture": "#métal.png"},
				"east": {"uv": [0, 0, 16, 1], "texture": "#métal.png"},
				"south": {"uv": [0, 0, 16, 1], "texture": "#métal.png"},
				"west": {"uv": [0, 0, 16, 1], "texture": "#métal.png"},
				"up": {"uv": [0, 0, 16, 1], "texture": "#métal.png"},
				"down": {"uv": [0, 0, 16, 1], "texture": "#métal.png"}
			}
		},
		{
			"from": [-3, 12, 5],
			"to": [21, 12.6, 6],
			"faces": {
				"north": {"uv": [0, 0, 16, 1], "texture": "#métal.png"},
				"east": {"uv": [0, 0, 16, 1], "texture": "#métal.png"},
				"south": {"uv": [0, 0, 16, 1], "texture": "#métal.png"},
				"west": {"uv": [0, 0, 16, 1], "texture": "#métal.png"},
				"up": {"uv": [0, 0, 16, 1], "texture": "#métal.png"},
				"down": {"uv": [0, 0, 16, 1], "texture": "#métal.png"}
			}
		},
		{
			"from": [-3, 11, 7.25],
			"to": [21, 12, 7.75],
			"faces": {
				"north": {"uv": [0, 0, 16, 0.5], "texture": "#métal.png"},
				"east": {"uv": [0, 0, 16, 0.5], "texture": "#métal.png"},
				"south": {"uv": [0, 0, 16, 0.5], "texture": "#métal.png"},
				"west": {"uv": [0, 0, 16, 0.5], "texture": "#métal.png"},
				"up": {"uv": [0, 0, 16, 0.5], "texture": "#métal.png"},
				"down": {"uv": [0, 0, 16, 0.5], "texture": "#métal.png"}
			}
		},
		{
			"from": [-3, 11, 9.25],
			"to": [21, 12, 9.75],
			"faces": {
				"north": {"uv": [0, 0, 16, 0.5], "texture": "#métal.png"},
				"east": {"uv": [0, 0, 16, 0.5], "texture": "#métal.png"},
				"south": {"uv": [0, 0, 16, 0.5], "texture": "#métal.png"},
				"west": {"uv": [0, 0, 16, 0.5], "texture": "#métal.png"},
				"up": {"uv": [0, 0, 16, 0.5], "texture": "#métal.png"},
				"down": {"uv": [0, 0, 16, 0.5], "texture": "#métal.png"}
			}
		},
		{
			"from": [-3, 11, 11.25],
			"to": [21, 12, 11.75],
			"faces": {
				"north": {"uv": [0, 0, 16, 0.5], "texture": "#métal.png"},
				"east": {"uv": [0, 0, 16, 0.5], "texture": "#métal.png"},
				"south": {"uv": [0, 0, 16, 0.5], "texture": "#métal.png"},
				"west": {"uv": [0, 0, 16, 0.5], "texture": "#métal.png"},
				"up": {"uv": [0, 0, 16, 0.5], "texture": "#métal.png"},
				"down": {"uv": [0, 0, 16, 0.5], "texture": "#métal.png"}
			}
		},
		{
			"from": [-3, 11, 13.25],
			"to": [21, 12, 13.75],
			"faces": {
				"north": {"uv": [0, 0, 16, 0.5], "texture": "#métal.png"},
				"east": {"uv": [0, 0, 16, 0.5], "texture": "#métal.png"},
				"south": {"uv": [0, 0, 16, 0.5], "texture": "#métal.png"},
				"west": {"uv": [0, 0, 16, 0.5], "texture": "#métal.png"},
				"up": {"uv": [0, 0, 16, 0.5], "texture": "#métal.png"},
				"down": {"uv": [0, 0, 16, 0.5], "texture": "#métal.png"}
			}
		},
		{
			"from": [-3, 11, 5.25],
			"to": [21, 12, 5.75],
			"faces": {
				"north": {"uv": [0, 0, 16, 0.5], "texture": "#métal.png"},
				"east": {"uv": [0, 0, 16, 0.5], "texture": "#métal.png"},
				"south": {"uv": [0, 0, 16, 0.5], "texture": "#métal.png"},
				"west": {"uv": [0, 0, 16, 0.5], "texture": "#métal.png"},
				"up": {"uv": [0, 0, 16, 0.5], "texture": "#métal.png"},
				"down": {"uv": [0, 0, 16, 0.5], "texture": "#métal.png"}
			}
		},
		{
			"from": [4, 12.65, 3],
			"to": [12, 13.65, 18],
			"faces": {
				"north": {"uv": [0, 0, 15, 1], "texture": "#black metal.png"},
				"east": {"uv": [0, 0, 15, 1], "texture": "#black metal.png"},
				"south": {"uv": [0, 0, 15, 1], "texture": "#black metal.png"},
				"west": {"uv": [0, 0, 15, 1], "texture": "#black metal.png"},
				"up": {"uv": [0, 0, 15, 1], "texture": "#black metal.png"},
				"down": {"uv": [0, 0, 15, 1], "texture": "#black metal.png"}
			}
		},
		{
			"from": [4, 13.65, 16],
			"to": [12, 16.65, 18],
			"faces": {
				"north": {"uv": [0, 0, 2, 3], "texture": "#black metal.png"},
				"east": {"uv": [0, 0, 2, 3], "texture": "#black metal.png"},
				"south": {"uv": [0, 0, 2, 3], "texture": "#black metal.png"},
				"west": {"uv": [0, 0, 2, 3], "texture": "#black metal.png"},
				"up": {"uv": [0, 0, 2, 3], "texture": "#black metal.png"},
				"down": {"uv": [0, 0, 2, 3], "texture": "#black metal.png"}
			}
		},
		{
			"from": [4, 14.65, 15.75],
			"to": [12, 16.65, 16],
			"faces": {
				"north": {"uv": [0, 0, 0.25, 2], "texture": "#black metal.png"},
				"east": {"uv": [0, 0, 0.25, 2], "texture": "#black metal.png"},
				"south": {"uv": [0, 0, 0.25, 2], "texture": "#black metal.png"},
				"west": {"uv": [0, 0, 0.25, 2], "texture": "#black metal.png"},
				"up": {"uv": [0, 0, 0.25, 2], "texture": "#black metal.png"},
				"down": {"uv": [0, 0, 0.25, 2], "texture": "#black metal.png"}
			}
		},
		{
			"from": [4, 14.65, 12.475],
			"to": [12, 16.65, 12.725],
			"rotation": {"angle": 0, "axis": "y", "origin": [8, 15.4, 10.4375]},
			"faces": {
				"north": {"uv": [0, 0, 0.25, 2], "texture": "#black metal.png"},
				"east": {"uv": [0, 0, 0.25, 2], "texture": "#black metal.png"},
				"south": {"uv": [0, 0, 0.25, 2], "texture": "#black metal.png"},
				"west": {"uv": [0, 0, 0.25, 2], "texture": "#black metal.png"},
				"up": {"uv": [0, 0, 0.25, 2], "texture": "#black metal.png"},
				"down": {"uv": [0, 0, 0.25, 2], "texture": "#black metal.png"}
			}
		},
		{
			"from": [4, 13.65, 10.475],
			"to": [12, 16.65, 12.475],
			"rotation": {"angle": 0, "axis": "y", "origin": [8, 15.4, 10.4375]},
			"faces": {
				"north": {"uv": [0, 0, 2, 3], "texture": "#black metal.png"},
				"east": {"uv": [0, 0, 2, 3], "texture": "#black metal.png"},
				"south": {"uv": [0, 0, 2, 3], "texture": "#black metal.png"},
				"west": {"uv": [0, 0, 2, 3], "texture": "#black metal.png"},
				"up": {"uv": [0, 0, 2, 3], "texture": "#black metal.png"},
				"down": {"uv": [0, 0, 2, 3], "texture": "#black metal.png"}
			}
		},
		{
			"from": [6, 15, 12.75],
			"to": [12, 18, 15.75],
			"faces": {
				"north": {"uv": [0, 0, 16, 16], "texture": "#inox.png"},
				"east": {"uv": [0, 0, 16, 16], "texture": "#inox.png"},
				"south": {"uv": [0, 0, 16, 16], "texture": "#inox.png"},
				"west": {"uv": [0, 0, 16, 16], "texture": "#inox.png"},
				"up": {"uv": [0, 0, 16, 16], "texture": "#inox.png"},
				"down": {"uv": [0, 0, 16, 16], "texture": "#inox.png"}
			}
		},
		{
			"from": [7, 14.5, 9.5],
			"to": [9, 16.5, 10.5],
			"faces": {
				"north": {"uv": [0, 0, 2, 1], "texture": "#dark metal.png"},
				"east": {"uv": [0, 0, 2, 1], "texture": "#dark metal.png"},
				"south": {"uv": [0, 0, 2, 1], "texture": "#dark metal.png"},
				"west": {"uv": [0, 0, 2, 1], "texture": "#dark metal.png"},
				"up": {"uv": [0, 0, 2, 1], "texture": "#dark metal.png"},
				"down": {"uv": [0, 0, 2, 1], "texture": "#dark metal.png"}
			}
		},
		{
			"from": [7.7, 15.2, 8.5],
			"to": [8.3, 15.8, 9.5],
			"rotation": {"angle": 45, "axis": "z", "origin": [8, 15.5, 9]},
			"faces": {
				"north": {"uv": [0, 0, 0.6, 1], "texture": "#dark metal.png"},
				"east": {"uv": [0, 0, 0.6, 1], "texture": "#dark metal.png"},
				"south": {"uv": [0, 0, 0.6, 1], "texture": "#dark metal.png"},
				"west": {"uv": [0, 0, 0.6, 1], "texture": "#dark metal.png"},
				"up": {"uv": [0, 0, 0.6, 1], "texture": "#dark metal.png"},
				"down": {"uv": [0, 0, 0.6, 1], "texture": "#dark metal.png"}
			}
		},
		{
			"from": [12, 15.1, 17.1],
			"to": [13, 17.9, 17.9],
			"rotation": {"angle": -45, "axis": "x", "origin": [12.5, 14.5, 17.5]},
			"faces": {
				"north": {"uv": [0, 0, 0.8, 2.8], "texture": "#black metal.png"},
				"east": {"uv": [0, 0, 0.8, 2.8], "texture": "#black metal.png"},
				"south": {"uv": [0, 0, 0.8, 2.8], "texture": "#black metal.png"},
				"west": {"uv": [0, 0, 0.8, 2.8], "texture": "#black metal.png"},
				"up": {"uv": [0, 0, 0.8, 2.8], "texture": "#black metal.png"},
				"down": {"uv": [0, 0, 0.8, 2.8], "texture": "#black metal.png"}
			}
		},
		{
			"from": [12, 16.58701, 14.61299],
			"to": [13, 17.38701, 15.41299],
			"rotation": {"angle": 0, "axis": "y", "origin": [12.5, 17.18701, 14.81299]},
			"faces": {
				"north": {"uv": [0, 0, 0.8, 0.8], "rotation": 90, "texture": "#black metal.png"},
				"east": {"uv": [0, 0, 0.8, 0.8], "rotation": 90, "texture": "#black metal.png"},
				"south": {"uv": [0, 0, 0.8, 0.8], "rotation": 90, "texture": "#black metal.png"},
				"west": {"uv": [0, 0, 0.8, 0.8], "rotation": 90, "texture": "#black metal.png"},
				"up": {"uv": [0, 0, 0.8, 0.8], "rotation": 90, "texture": "#black metal.png"},
				"down": {"uv": [0, 0, 0.8, 0.8], "rotation": 90, "texture": "#black metal.png"}
			}
		},
		{
			"from": [-14, 9, -0.2],
			"to": [1, 30, 0],
			"faces": {
				"north": {"uv": [0, 0, 16, 16], "texture": "#cnc panel.png"},
				"east": {"uv": [0, 0, 15, 16], "texture": "#black.png"},
				"south": {"uv": [0, 0, 15, 16], "texture": "#black.png"},
				"west": {"uv": [0, 0, 15, 16], "texture": "#black.png"},
				"up": {"uv": [0, 0, 15, 16], "texture": "#black.png"},
				"down": {"uv": [0, 0, 15, 16], "texture": "#black.png"}
			}
		}
	],
	"display": {
		"thirdperson_righthand": {
			"scale": [0.25, 0.25, 0.25]
		},
		"thirdperson_lefthand": {
			"scale": [0.25, 0.25, 0.25]
		},
		"firstperson_righthand": {
			"scale": [0.25, 0.25, 0.25]
		},
		"firstperson_lefthand": {
			"scale": [0.25, 0.25, 0.25]
		},
		"ground": {
			"scale": [0.25, 0.25, 0.25]
		},
		"gui": {
			"rotation": [-180, -0.5, -180],
			"translation": [0, -1.75, 0],
			"scale": [0.3, 0.3, 0.3]
		},
		"head": {
			"translation": [0, -5.5, -3.25],
			"scale": [0.5, 0.5, 0.5]
		},
		"fixed": {
			"translation": [0, 0, -1.75],
			"scale": [0.25, 0.25, 0.25]
		}
	}
}