{"credit":"Made with Blockbench","texture_size":[32,32],"textures":{"0":"butterfly_knife/butterfly_knife","particle":"butterfly_knife/butterfly_knife"},"elements":[{"name":"1","from":[8,0,0],"to":[9,7.25,0.75],"rotation":{"angle":0,"axis":"z","origin":[8.5,7.25,0.375]},"faces":{"north":{"uv":[0,0,2,14.5],"texture":"#0"},"east":{"uv":[2,0,3.5,14.5],"texture":"#0"},"south":{"uv":[2,0,0,14.5],"texture":"#0"},"west":{"uv":[2,0,3.5,14.5],"texture":"#0"},"up":{"uv":[4,14.5,2,16],"texture":"#0"},"down":{"uv":[0,14.5,2,16],"texture":"#0"}}},{"name":"2","from":[8.5,0.25,0.0575],"to":[8.75,0.5,0.6825],"rotation":{"angle":0,"axis":"z","origin":[8.5,7.25,0.375]},"faces":{"north":{"uv":[0.5,0.5,1,1],"texture":"#0"},"east":{"uv":[0.5,0.5,1,1],"texture":"#0"},"south":{"uv":[0.5,0.5,1,1],"texture":"#0"},"west":{"uv":[0.5,0.5,1,1],"texture":"#0"},"up":{"uv":[0.5,0.5,1,1],"texture":"#0"},"down":{"uv":[0.5,0.5,1,1],"texture":"#0"}}},{"name":"1","from":[7,0,0],"to":[8,7.25,0.75],"rotation":{"angle":0,"axis":"z","origin":[7.5,7.25,0.375]},"faces":{"north":{"uv":[2,0,0,14.5],"texture":"#0"},"east":{"uv":[2,0,3.5,14.5],"texture":"#0"},"south":{"uv":[0,0,2,14.5],"texture":"#0"},"west":{"uv":[2,0,3.5,14.5],"texture":"#0"},"up":{"uv":[2,14.5,4,16],"texture":"#0"},"down":{"uv":[0,14.5,2,16],"texture":"#0"}}},{"name":"2","from":[7.25,0.25,0.0575],"to":[7.5,0.5,0.6825],"rotation":{"angle":0,"axis":"z","origin":[7.5,7.25,0.375]},"faces":{"north":{"uv":[0.5,0.5,1,1],"texture":"#0"},"east":{"uv":[0.5,0.5,1,1],"texture":"#0"},"south":{"uv":[0.5,0.5,1,1],"texture":"#0"},"west":{"uv":[0.5,0.5,1,1],"texture":"#0"},"up":{"uv":[0.5,0.5,1,1],"texture":"#0"},"down":{"uv":[0.5,0.5,1,1],"texture":"#0"}}},{"name":"1","from":[7.5,7.25,0.25],"to":[8.5,12,0.5],"rotation":{"angle":0,"axis":"z","origin":[8,7.25,0.375]},"faces":{"north":{"uv":[7.5,0,9.5,9.5],"texture":"#0"},"east":{"uv":[7.5,0,8,9.5],"texture":"#0"},"south":{"uv":[7.5,0,9.5,9.5],"texture":"#0"},"west":{"uv":[7.5,0,8,9.5],"texture":"#0"},"up":{"uv":[7.5,9,9.5,9.5],"texture":"#0"}}},{"name":"2","from":[7.25,7.25,0.375],"to":[8.75,13.5,0.375],"rotation":{"angle":0,"axis":"z","origin":[8,7.25,0.375]},"faces":{"north":{"uv":[7,0,4,12.5],"texture":"#0"},"south":{"uv":[4,0,7,12.5],"texture":"#0"}}}],"display":{"thirdperson_righthand":{"rotation":[0,90,-2],"translation":[7.5,3,0.5]},"thirdperson_lefthand":{"rotation":[0,-90,-2],"translation":[-7.5,3,0.5]},"firstperson_righthand":{"rotation":[-19,111,-12],"translation":[3,3.75,2.25],"scale":[0.5,0.5,0.5]},"firstperson_lefthand":{"rotation":[-4,-91,27],"translation":[-5.75,4.5,4.25],"scale":[0.5,0.5,0.5]},"ground":{"rotation":[90,0,0],"translation":[0,-7,1],"scale":[0.45,0.45,0.45]},"gui":{"rotation":[0,0,-45],"translation":[1.5,1.5,9.25],"scale":[1.25,1.25,1.25]},"head":{"rotation":[0,-90,-90],"translation":[-7.5,3.5,-5.75]},"fixed":{"rotation":[0,0,45],"translation":[-1,1.5,9.25],"scale":[1.25,1.25,1.25]}},"groups":[{"name":"butterfly","origin":[8,8,8],"children":[{"name":"handle","origin":[8,8,8],"children":[{"name":"r","origin":[8,8,8],"children":[0,1]},{"name":"l","origin":[8,8,8],"children":[2,3]}]},{"name":"knife","origin":[8,8,8],"children":[4,5]}]}]}