{
	"credit": "Made with Blockbench",
	"textures": {
		"particle": "je code vos idées:preset/light gray",
		"light gray.png": "je code vos idées:preset/light gray",
		"light semi-dark blue.png": "je code vos idées:preset/light semi-dark blue",
		"red_to_green.png": "je code vos idées:preset/Animated/red_to_green",
		"erinium.png": "je code vos idées:erinium",
		"yellow.png": "je code vos idées:preset/yellow",
		"printer_top_animated.png": "je code vos idées:preset/Animated/printer_top_animated"
	},
	"elements": [
		{
			"from": [2, 0, 1],
			"to": [14, 5, 16],
			"faces": {
				"north": {"uv": [0, 0, 16, 16], "texture": "#light gray.png"},
				"east": {"uv": [0, 0, 16, 16], "texture": "#light gray.png"},
				"south": {"uv": [0, 0, 16, 16], "texture": "#light gray.png"},
				"west": {"uv": [0, 0, 16, 16], "texture": "#light gray.png"},
				"up": {"uv": [0, 0, 16, 16], "texture": "#light gray.png"},
				"down": {"uv": [0, 0, 16, 16], "texture": "#light gray.png"}
			}
		},
		{
			"from": [12, 3, 0.75],
			"to": [13, 4, 1],
			"faces": {
				"north": {"uv": [0, 0, 1, 2], "texture": "#yellow.png"},
				"east": {"uv": [0, 0, 1, 1], "texture": "#yellow.png"},
				"south": {"uv": [0, 0, 1, 1], "texture": "#yellow.png"},
				"west": {"uv": [0, 0, 1, 1], "texture": "#yellow.png"},
				"up": {"uv": [0, 0, 1, 1], "texture": "#yellow.png"},
				"down": {"uv": [0, 0, 1, 1], "texture": "#yellow.png"}
			}
		},
		{
			"from": [10, 3, 0.75],
			"to": [11, 4, 1],
			"faces": {
				"north": {"uv": [0, 0, 16, 16], "texture": "#red_to_green.png"},
				"east": {"uv": [0, 0, 16, 16], "texture": "#red_to_green.png"},
				"south": {"uv": [0, 0, 16, 16], "texture": "#red_to_green.png"},
				"west": {"uv": [0, 0, 16, 16], "texture": "#red_to_green.png"},
				"up": {"uv": [0, 0, 16, 16], "texture": "#red_to_green.png"},
				"down": {"uv": [0, 0, 16, 16], "texture": "#red_to_green.png"}
			}
		},
		{
			"from": [1, 0, 5],
			"to": [2, 6, 6],
			"faces": {
				"north": {"uv": [0, 0, 16, 16], "texture": "#light semi-dark blue.png"},
				"east": {"uv": [0, 0, 16, 16], "texture": "#light semi-dark blue.png"},
				"south": {"uv": [0, 0, 16, 16], "texture": "#light semi-dark blue.png"},
				"west": {"uv": [0, 0, 16, 16], "texture": "#light semi-dark blue.png"},
				"up": {"uv": [0, 0, 16, 16], "texture": "#light semi-dark blue.png"},
				"down": {"uv": [0, 0, 16, 16], "texture": "#light semi-dark blue.png"}
			}
		},
		{
			"from": [14, 0, 5],
			"to": [15, 6, 6],
			"faces": {
				"north": {"uv": [0, 0, 16, 16], "texture": "#light semi-dark blue.png"},
				"east": {"uv": [0, 0, 16, 16], "texture": "#light semi-dark blue.png"},
				"south": {"uv": [0, 0, 16, 16], "texture": "#light semi-dark blue.png"},
				"west": {"uv": [0, 0, 16, 16], "texture": "#light semi-dark blue.png"},
				"up": {"uv": [0, 0, 16, 16], "texture": "#light semi-dark blue.png"},
				"down": {"uv": [0, 0, 16, 16], "texture": "#light semi-dark blue.png"}
			}
		},
		{
			"from": [2, 5, 5],
			"to": [14, 6, 6],
			"faces": {
				"north": {"uv": [0, 0, 16, 16], "texture": "#light semi-dark blue.png"},
				"east": {"uv": [0, 0, 16, 16], "texture": "#light semi-dark blue.png"},
				"south": {"uv": [0, 0, 16, 16], "texture": "#light semi-dark blue.png"},
				"west": {"uv": [0, 0, 16, 16], "texture": "#light semi-dark blue.png"},
				"up": {"uv": [0, 0, 16, 16], "texture": "#light semi-dark blue.png"},
				"down": {"uv": [0, 0, 16, 16], "texture": "#light semi-dark blue.png"}
			}
		},
		{
			"from": [3, 5.1, 2],
			"to": [13, 5.1, 15],
			"faces": {
				"north": {"uv": [0, 0, 16, 16], "texture": "#printer_top_animated.png"},
				"east": {"uv": [0, 0, 16, 16], "texture": "#printer_top_animated.png"},
				"south": {"uv": [0, 0, 16, 16], "texture": "#printer_top_animated.png"},
				"west": {"uv": [0, 0, 16, 16], "texture": "#printer_top_animated.png"},
				"up": {"uv": [0, 0, 16, 16], "texture": "#printer_top_animated.png"},
				"down": {"uv": [0, 0, 16, 16], "texture": "#printer_top_animated.png"}
			}
		},
		{
			"from": [1.8, 2, 7],
			"to": [1.8, 4, 13],
			"faces": {
				"north": {"uv": [0, 0, 16, 16], "texture": "#erinium.png"},
				"east": {"uv": [0, 0, 16, 16], "texture": "#erinium.png"},
				"south": {"uv": [0, 0, 16, 16], "texture": "#erinium.png"},
				"west": {"uv": [0, 0, 16, 16], "texture": "#erinium.png"},
				"up": {"uv": [0, 0, 16, 16], "texture": "#erinium.png"},
				"down": {"uv": [0, 0, 16, 16], "texture": "#erinium.png"}
			}
		}
	],
	"display": {
		"thirdperson_righthand": {
			"translation": [0, 5.25, 0],
			"scale": [0.4, 0.43, 0.4]
		},
		"thirdperson_lefthand": {
			"translation": [0, 5.25, 0],
			"scale": [0.4, 0.43, 0.4]
		},
		"firstperson_righthand": {
			"rotation": [29, 0, 0],
			"translation": [0, 6.5, 2.25],
			"scale": [0.6, 0.6, 0.5]
		},
		"firstperson_lefthand": {
			"rotation": [29, 0, 0],
			"translation": [0, 6.5, 2.25],
			"scale": [0.6, 0.6, 0.5]
		},
		"ground": {
			"scale": [0.6, 0.6, 0.6]
		},
		"gui": {
			"rotation": [-141, 0, -180],
			"translation": [0, 3.75, -4.5]
		},
		"fixed": {
			"rotation": [-32, 0, 0],
			"translation": [0, 3.75, -4.5]
		}
	}
}