{"credit":"Made with Blockbench","textures":{"0":"fal/textura scarh","particle":"fal/textura scarh"},"elements":[{"from":[0,1.6,18.5],"to":[1,6.3,18.6],"faces":{"north":{"uv":[1,2.5,7.5,7],"texture":"#0"},"east":{"uv":[1,2.5,7.5,7],"texture":"#0"},"south":{"uv":[1,2.5,7.5,7],"texture":"#0"},"west":{"uv":[1,2.5,7.5,7],"texture":"#0"},"up":{"uv":[1,2.5,7.5,7],"texture":"#0"},"down":{"uv":[1,2.5,7.5,7],"texture":"#0"}}},{"from":[0,2,17.8],"to":[1,6.05,17.9],"faces":{"north":{"uv":[1,2.5,7.5,7],"texture":"#0"},"east":{"uv":[1,2.5,7.5,7],"texture":"#0"},"south":{"uv":[1,2.5,7.5,7],"texture":"#0"},"west":{"uv":[1,2.5,7.5,7],"texture":"#0"},"up":{"uv":[1,2.5,7.5,7],"texture":"#0"},"down":{"uv":[1,2.5,7.5,7],"texture":"#0"}}},{"from":[0,2.1,17.7],"to":[1,6.05,17.8],"faces":{"north":{"uv":[1,2.5,7.5,7],"texture":"#0"},"east":{"uv":[1,2.5,7.5,7],"texture":"#0"},"south":{"uv":[1,2.5,7.5,7],"texture":"#0"},"west":{"uv":[1,2.5,7.5,7],"texture":"#0"},"up":{"uv":[1,2.5,7.5,7],"texture":"#0"},"down":{"uv":[1,2.5,7.5,7],"texture":"#0"}}},{"from":[0,2.2,17.6],"to":[1,6.05,17.7],"faces":{"north":{"uv":[1,2.5,7.5,7],"texture":"#0"},"east":{"uv":[1,2.5,7.5,7],"texture":"#0"},"south":{"uv":[1,2.5,7.5,7],"texture":"#0"},"west":{"uv":[1,2.5,7.5,7],"texture":"#0"},"up":{"uv":[1,2.5,7.5,7],"texture":"#0"},"down":{"uv":[1,2.5,7.5,7],"texture":"#0"}}},{"from":[0,2.3,17.5],"to":[1,6.05,17.6],"faces":{"north":{"uv":[1,2.5,7.5,7],"texture":"#0"},"east":{"uv":[1,2.5,7.5,7],"texture":"#0"},"south":{"uv":[1,2.5,7.5,7],"texture":"#0"},"west":{"uv":[1,2.5,7.5,7],"texture":"#0"},"up":{"uv":[1,2.5,7.5,7],"texture":"#0"},"down":{"uv":[1,2.5,7.5,7],"texture":"#0"}}},{"from":[0,2.5,17.4],"to":[1,6.05,17.5],"faces":{"north":{"uv":[1,2.5,7.5,7],"texture":"#0"},"east":{"uv":[1,2.5,7.5,7],"texture":"#0"},"south":{"uv":[1,2.5,7.5,7],"texture":"#0"},"west":{"uv":[1,2.5,7.5,7],"texture":"#0"},"up":{"uv":[1,2.5,7.5,7],"texture":"#0"},"down":{"uv":[1,2.5,7.5,7],"texture":"#0"}}},{"from":[0,2.7,17.3],"to":[1,6.25,17.4],"faces":{"north":{"uv":[1,2.5,7.5,7],"texture":"#0"},"east":{"uv":[1,2.5,7.5,7],"texture":"#0"},"south":{"uv":[1,2.5,7.5,7],"texture":"#0"},"west":{"uv":[1,2.5,7.5,7],"texture":"#0"},"up":{"uv":[1,2.5,7.5,7],"texture":"#0"},"down":{"uv":[1,2.5,7.5,7],"texture":"#0"}}},{"from":[0,3,17.2],"to":[1,6.35,17.3],"faces":{"north":{"uv":[1,2.5,7.5,7],"texture":"#0"},"east":{"uv":[1,2.5,7.5,7],"texture":"#0"},"south":{"uv":[1,2.5,7.5,7],"texture":"#0"},"west":{"uv":[1,2.5,7.5,7],"texture":"#0"},"up":{"uv":[1,2.5,7.5,7],"texture":"#0"},"down":{"uv":[1,2.5,7.5,7],"texture":"#0"}}},{"from":[0,3.3,17.1],"to":[1,6.45,17.2],"faces":{"north":{"uv":[1,2.5,7.5,7],"texture":"#0"},"east":{"uv":[1,2.5,7.5,7],"texture":"#0"},"south":{"uv":[1,2.5,7.5,7],"texture":"#0"},"west":{"uv":[1,2.5,7.5,7],"texture":"#0"},"up":{"uv":[1,2.5,7.5,7],"texture":"#0"},"down":{"uv":[1,2.5,7.5,7],"texture":"#0"}}},{"from":[0,3.3,17],"to":[1,6.45,17.1],"faces":{"north":{"uv":[1,2.5,7.5,7],"texture":"#0"},"east":{"uv":[1,2.5,7.5,7],"texture":"#0"},"south":{"uv":[1,2.5,7.5,7],"texture":"#0"},"west":{"uv":[1,2.5,7.5,7],"texture":"#0"},"up":{"uv":[1,2.5,7.5,7],"texture":"#0"},"down":{"uv":[1,2.5,7.5,7],"texture":"#0"}}},{"from":[0,3.5,16.9],"to":[1,6.55,17],"faces":{"north":{"uv":[1,2.5,7.5,7],"texture":"#0"},"east":{"uv":[1,2.5,7.5,7],"texture":"#0"},"south":{"uv":[1,2.5,7.5,7],"texture":"#0"},"west":{"uv":[1,2.5,7.5,7],"texture":"#0"},"up":{"uv":[1,2.5,7.5,7],"texture":"#0"},"down":{"uv":[1,2.5,7.5,7],"texture":"#0"}}},{"from":[0,3.8,16.8],"to":[1,6.55,16.9],"faces":{"north":{"uv":[1,2.5,7.5,7],"texture":"#0"},"east":{"uv":[1,2.5,7.5,7],"texture":"#0"},"south":{"uv":[1,2.5,7.5,7],"texture":"#0"},"west":{"uv":[1,2.5,7.5,7],"texture":"#0"},"up":{"uv":[1,2.5,7.5,7],"texture":"#0"},"down":{"uv":[1,2.5,7.5,7],"texture":"#0"}}},{"from":[0,4.1,16.7],"to":[1,6.65,16.8],"faces":{"north":{"uv":[1,2.5,7.5,7],"texture":"#0"},"east":{"uv":[1,2.5,7.5,7],"texture":"#0"},"south":{"uv":[1,2.5,7.5,7],"texture":"#0"},"west":{"uv":[1,2.5,7.5,7],"texture":"#0"},"up":{"uv":[1,2.5,7.5,7],"texture":"#0"},"down":{"uv":[1,2.5,7.5,7],"texture":"#0"}}},{"from":[0,4.2,16.6],"to":[1,6.65,16.7],"faces":{"north":{"uv":[1,2.5,7.5,7],"texture":"#0"},"east":{"uv":[1,2.5,7.5,7],"texture":"#0"},"south":{"uv":[1,2.5,7.5,7],"texture":"#0"},"west":{"uv":[1,2.5,7.5,7],"texture":"#0"},"up":{"uv":[1,2.5,7.5,7],"texture":"#0"},"down":{"uv":[1,2.5,7.5,7],"texture":"#0"}}},{"from":[0,4.3,5.5],"to":[1,6.65,16.6],"faces":{"north":{"uv":[1,2.5,7.5,7],"texture":"#0"},"east":{"uv":[1,2.5,7.5,7],"texture":"#0"},"south":{"uv":[1,2.5,7.5,7],"texture":"#0"},"west":{"uv":[1,2.5,7.5,7],"texture":"#0"},"up":{"uv":[1,2.5,7.5,7],"texture":"#0"},"down":{"uv":[1,2.5,7.5,7],"texture":"#0"}}},{"from":[0,5.5,-0.5],"to":[1,7.05,12.1],"faces":{"north":{"uv":[1,2.5,7.5,7],"texture":"#0"},"east":{"uv":[1,2.5,7.5,7],"texture":"#0"},"south":{"uv":[1,2.5,7.5,7],"texture":"#0"},"west":{"uv":[1,2.5,7.5,7],"texture":"#0"},"up":{"uv":[1,2.5,7.5,7],"texture":"#0"},"down":{"uv":[1,2.5,7.5,7],"texture":"#0"}}},{"from":[0,4.9,5],"to":[1,5.55,5.5],"faces":{"north":{"uv":[1,2.5,7.5,7],"texture":"#0"},"east":{"uv":[1,2.5,7.5,7],"texture":"#0"},"south":{"uv":[1,2.5,7.5,7],"texture":"#0"},"west":{"uv":[1,2.5,7.5,7],"texture":"#0"},"up":{"uv":[1,2.5,7.5,7],"texture":"#0"},"down":{"uv":[1,2.5,7.5,7],"texture":"#0"}}},{"from":[0,4.2,5.5],"to":[1,4.35,11.5],"faces":{"north":{"uv":[1,2.5,7.5,7],"texture":"#0"},"east":{"uv":[1,2.5,7.5,7],"texture":"#0"},"south":{"uv":[1,2.5,7.5,7],"texture":"#0"},"west":{"uv":[1,2.5,7.5,7],"texture":"#0"},"up":{"uv":[1,2.5,7.5,7],"texture":"#0"},"down":{"uv":[1,2.5,7.5,7],"texture":"#0"}}},{"from":[0,4.1,5.5],"to":[1,4.25,11.3],"faces":{"north":{"uv":[1,2.5,7.5,7],"texture":"#0"},"east":{"uv":[1,2.5,7.5,7],"texture":"#0"},"south":{"uv":[1,2.5,7.5,7],"texture":"#0"},"west":{"uv":[1,2.5,7.5,7],"texture":"#0"},"up":{"uv":[1,2.5,7.5,7],"texture":"#0"},"down":{"uv":[1,2.5,7.5,7],"texture":"#0"}}},{"from":[0,4,5.5],"to":[1,4.15,11.2],"faces":{"north":{"uv":[1,2.5,7.5,7],"texture":"#0"},"east":{"uv":[1,2.5,7.5,7],"texture":"#0"},"south":{"uv":[1,2.5,7.5,7],"texture":"#0"},"west":{"uv":[1,2.5,7.5,7],"texture":"#0"},"up":{"uv":[1,2.5,7.5,7],"texture":"#0"},"down":{"uv":[1,2.5,7.5,7],"texture":"#0"}}},{"from":[0,3.9,9.7],"to":[1,4.05,11.2],"faces":{"north":{"uv":[1,2.5,7.5,7],"texture":"#0"},"east":{"uv":[1,2.5,7.5,7],"texture":"#0"},"south":{"uv":[1,2.5,7.5,7],"texture":"#0"},"west":{"uv":[1,2.5,7.5,7],"texture":"#0"},"up":{"uv":[1,2.5,7.5,7],"texture":"#0"},"down":{"uv":[1,2.5,7.5,7],"texture":"#0"}}},{"from":[0,3.8,9.8],"to":[1,3.95,11.2],"faces":{"north":{"uv":[1,2.5,7.5,7],"texture":"#0"},"east":{"uv":[1,2.5,7.5,7],"texture":"#0"},"south":{"uv":[1,2.5,7.5,7],"texture":"#0"},"west":{"uv":[1,2.5,7.5,7],"texture":"#0"},"up":{"uv":[1,2.5,7.5,7],"texture":"#0"},"down":{"uv":[1,2.5,7.5,7],"texture":"#0"}}},{"from":[0,3.7,9.8],"to":[1,3.85,11.2],"faces":{"north":{"uv":[1,2.5,7.5,7],"texture":"#0"},"east":{"uv":[1,2.5,7.5,7],"texture":"#0"},"south":{"uv":[1,2.5,7.5,7],"texture":"#0"},"west":{"uv":[1,2.5,7.5,7],"texture":"#0"},"up":{"uv":[1,2.5,7.5,7],"texture":"#0"},"down":{"uv":[1,2.5,7.5,7],"texture":"#0"}}},{"from":[0,3.6,9.8],"to":[1,3.75,11.2],"faces":{"north":{"uv":[1,2.5,7.5,7],"texture":"#0"},"east":{"uv":[1,2.5,7.5,7],"texture":"#0"},"south":{"uv":[1,2.5,7.5,7],"texture":"#0"},"west":{"uv":[1,2.5,7.5,7],"texture":"#0"},"up":{"uv":[1,2.5,7.5,7],"texture":"#0"},"down":{"uv":[1,2.5,7.5,7],"texture":"#0"}}},{"from":[0,3.5,9.8],"to":[1,3.65,11.3],"faces":{"north":{"uv":[1,2.5,7.5,7],"texture":"#0"},"east":{"uv":[1,2.5,7.5,7],"texture":"#0"},"south":{"uv":[1,2.5,7.5,7],"texture":"#0"},"west":{"uv":[1,2.5,7.5,7],"texture":"#0"},"up":{"uv":[1,2.5,7.5,7],"texture":"#0"},"down":{"uv":[1,2.5,7.5,7],"texture":"#0"}}},{"from":[0,3.4,9.8],"to":[1,3.55,11.3],"faces":{"north":{"uv":[1,2.5,7.5,7],"texture":"#0"},"east":{"uv":[1,2.5,7.5,7],"texture":"#0"},"south":{"uv":[1,2.5,7.5,7],"texture":"#0"},"west":{"uv":[1,2.5,7.5,7],"texture":"#0"},"up":{"uv":[1,2.5,7.5,7],"texture":"#0"},"down":{"uv":[1,2.5,7.5,7],"texture":"#0"}}},{"from":[0,3.3,9.8],"to":[1,3.45,11.4],"faces":{"north":{"uv":[1,2.5,7.5,7],"texture":"#0"},"east":{"uv":[1,2.5,7.5,7],"texture":"#0"},"south":{"uv":[1,2.5,7.5,7],"texture":"#0"},"west":{"uv":[1,2.5,7.5,7],"texture":"#0"},"up":{"uv":[1,2.5,7.5,7],"texture":"#0"},"down":{"uv":[1,2.5,7.5,7],"texture":"#0"}}},{"from":[0,3.2,9.8],"to":[1,3.35,11.5],"faces":{"north":{"uv":[1,2.5,7.5,7],"texture":"#0"},"east":{"uv":[1,2.5,7.5,7],"texture":"#0"},"south":{"uv":[1,2.5,7.5,7],"texture":"#0"},"west":{"uv":[1,2.5,7.5,7],"texture":"#0"},"up":{"uv":[1,2.5,7.5,7],"texture":"#0"},"down":{"uv":[1,2.5,7.5,7],"texture":"#0"}}},{"from":[0,3.1,9.8],"to":[1,3.25,11.6],"faces":{"north":{"uv":[1,2.5,7.5,7],"texture":"#0"},"east":{"uv":[1,2.5,7.5,7],"texture":"#0"},"south":{"uv":[1,2.5,7.5,7],"texture":"#0"},"west":{"uv":[1,2.5,7.5,7],"texture":"#0"},"up":{"uv":[1,2.5,7.5,7],"texture":"#0"},"down":{"uv":[1,2.5,7.5,7],"texture":"#0"}}},{"from":[0,1.975,11.525],"to":[1,3.775,11.675],"rotation":{"angle":-45,"axis":"x","origin":[0.5,2.875,11.7]},"faces":{"north":{"uv":[1,2.5,7.5,7],"rotation":180,"texture":"#0"},"east":{"uv":[1,2.5,7.5,7],"rotation":180,"texture":"#0"},"south":{"uv":[1,2.5,7.5,7],"rotation":180,"texture":"#0"},"west":{"uv":[1,2.5,7.5,7],"rotation":180,"texture":"#0"},"up":{"uv":[1,2.5,7.5,7],"rotation":180,"texture":"#0"},"down":{"uv":[1,2.5,7.5,7],"rotation":180,"texture":"#0"}}},{"from":[0,3.475,10.625],"to":[1,4.175,11.275],"rotation":{"angle":-45,"axis":"x","origin":[0.5,2.875,11.7]},"faces":{"north":{"uv":[1,2.5,7.5,7],"rotation":180,"texture":"#0"},"east":{"uv":[1,2.5,7.5,7],"rotation":180,"texture":"#0"},"south":{"uv":[1,2.5,7.5,7],"rotation":180,"texture":"#0"},"west":{"uv":[1,2.5,7.5,7],"rotation":180,"texture":"#0"},"up":{"uv":[1,2.5,7.5,7],"rotation":180,"texture":"#0"},"down":{"uv":[1,2.5,7.5,7],"rotation":180,"texture":"#0"}}},{"from":[0,1.675,11.425],"to":[1,3.475,11.575],"rotation":{"angle":-45,"axis":"x","origin":[0.5,2.875,11.7]},"faces":{"north":{"uv":[1,2.5,7.5,7],"rotation":180,"texture":"#0"},"east":{"uv":[1,2.5,7.5,7],"rotation":180,"texture":"#0"},"south":{"uv":[1,2.5,7.5,7],"rotation":180,"texture":"#0"},"west":{"uv":[1,2.5,7.5,7],"rotation":180,"texture":"#0"},"up":{"uv":[1,2.5,7.5,7],"rotation":180,"texture":"#0"},"down":{"uv":[1,2.5,7.5,7],"rotation":180,"texture":"#0"}}},{"from":[0,1.375,11.325],"to":[1,3.175,11.475],"rotation":{"angle":-45,"axis":"x","origin":[0.5,2.875,11.7]},"faces":{"north":{"uv":[1,2.5,7.5,7],"rotation":180,"texture":"#0"},"east":{"uv":[1,2.5,7.5,7],"rotation":180,"texture":"#0"},"south":{"uv":[1,2.5,7.5,7],"rotation":180,"texture":"#0"},"west":{"uv":[1,2.5,7.5,7],"rotation":180,"texture":"#0"},"up":{"uv":[1,2.5,7.5,7],"rotation":180,"texture":"#0"},"down":{"uv":[1,2.5,7.5,7],"rotation":180,"texture":"#0"}}},{"from":[0,1.175,11.225],"to":[1,2.975,11.375],"rotation":{"angle":-45,"axis":"x","origin":[0.5,2.875,11.7]},"faces":{"north":{"uv":[1,2.5,7.5,7],"rotation":180,"texture":"#0"},"east":{"uv":[1,2.5,7.5,7],"rotation":180,"texture":"#0"},"south":{"uv":[1,2.5,7.5,7],"rotation":180,"texture":"#0"},"west":{"uv":[1,2.5,7.5,7],"rotation":180,"texture":"#0"},"up":{"uv":[1,2.5,7.5,7],"rotation":180,"texture":"#0"},"down":{"uv":[1,2.5,7.5,7],"rotation":180,"texture":"#0"}}},{"from":[0,1.775,10.525],"to":[1,3.575,11.475],"rotation":{"angle":-45,"axis":"x","origin":[0.5,2.875,11.7]},"faces":{"north":{"uv":[1,2.5,7.5,7],"rotation":180,"texture":"#0"},"east":{"uv":[1,2.5,7.5,7],"rotation":180,"texture":"#0"},"south":{"uv":[1,2.5,7.5,7],"rotation":180,"texture":"#0"},"west":{"uv":[1,2.5,7.5,7],"rotation":180,"texture":"#0"},"up":{"uv":[1,2.5,7.5,7],"rotation":180,"texture":"#0"},"down":{"uv":[1,2.5,7.5,7],"rotation":180,"texture":"#0"}}},{"from":[0,0.975,11.125],"to":[1,2.775,11.275],"rotation":{"angle":-45,"axis":"x","origin":[0.5,2.875,11.7]},"faces":{"north":{"uv":[1,2.5,7.5,7],"rotation":180,"texture":"#0"},"east":{"uv":[1,2.5,7.5,7],"rotation":180,"texture":"#0"},"south":{"uv":[1,2.5,7.5,7],"rotation":180,"texture":"#0"},"west":{"uv":[1,2.5,7.5,7],"rotation":180,"texture":"#0"},"up":{"uv":[1,2.5,7.5,7],"rotation":180,"texture":"#0"},"down":{"uv":[1,2.5,7.5,7],"rotation":180,"texture":"#0"}}},{"from":[0,0.99792,11.01213],"to":[1,1.24792,12.71213],"rotation":{"angle":0,"axis":"x","origin":[0.5,1.67292,11.91213]},"faces":{"north":{"uv":[1,2.5,7.5,7],"texture":"#0"},"east":{"uv":[1,2.5,7.5,7],"texture":"#0"},"south":{"uv":[1,2.5,7.5,7],"texture":"#0"},"west":{"uv":[1,2.5,7.5,7],"texture":"#0"},"up":{"uv":[1,2.5,7.5,7],"texture":"#0"},"down":{"uv":[1,2.5,7.5,7],"texture":"#0"}}},{"from":[0,1.19792,11.31213],"to":[1,1.54792,12.51213],"rotation":{"angle":0,"axis":"x","origin":[0.5,1.67292,11.91213]},"faces":{"north":{"uv":[1,2.5,7.5,7],"texture":"#0"},"east":{"uv":[1,2.5,7.5,7],"texture":"#0"},"south":{"uv":[1,2.5,7.5,7],"texture":"#0"},"west":{"uv":[1,2.5,7.5,7],"texture":"#0"},"up":{"uv":[1,2.5,7.5,7],"texture":"#0"},"down":{"uv":[1,2.5,7.5,7],"texture":"#0"}}},{"from":[0,1.675,10.425],"to":[1,3.475,10.575],"rotation":{"angle":-45,"axis":"x","origin":[0.5,2.875,11.7]},"faces":{"north":{"uv":[1,2.5,7.5,7],"rotation":180,"texture":"#0"},"east":{"uv":[1,2.5,7.5,7],"rotation":180,"texture":"#0"},"south":{"uv":[1,2.5,7.5,7],"rotation":180,"texture":"#0"},"west":{"uv":[1,2.5,7.5,7],"rotation":180,"texture":"#0"},"up":{"uv":[1,2.5,7.5,7],"rotation":180,"texture":"#0"},"down":{"uv":[1,2.5,7.5,7],"rotation":180,"texture":"#0"}}},{"from":[0,1.475,10.325],"to":[1,2.875,11.275],"rotation":{"angle":-45,"axis":"x","origin":[0.5,2.875,11.7]},"faces":{"north":{"uv":[1,2.5,7.5,7],"rotation":180,"texture":"#0"},"east":{"uv":[1,2.5,7.5,7],"rotation":180,"texture":"#0"},"south":{"uv":[1,2.5,7.5,7],"rotation":180,"texture":"#0"},"west":{"uv":[1,2.5,7.5,7],"rotation":180,"texture":"#0"},"up":{"uv":[1,2.5,7.5,7],"rotation":180,"texture":"#0"},"down":{"uv":[1,2.5,7.5,7],"rotation":180,"texture":"#0"}}},{"from":[0,1.575,10.225],"to":[1,2.675,10.375],"rotation":{"angle":-45,"axis":"x","origin":[0.5,2.875,11.7]},"faces":{"north":{"uv":[1,2.5,7.5,7],"rotation":180,"texture":"#0"},"east":{"uv":[1,2.5,7.5,7],"rotation":180,"texture":"#0"},"south":{"uv":[1,2.5,7.5,7],"rotation":180,"texture":"#0"},"west":{"uv":[1,2.5,7.5,7],"rotation":180,"texture":"#0"},"up":{"uv":[1,2.5,7.5,7],"rotation":180,"texture":"#0"},"down":{"uv":[1,2.5,7.5,7],"rotation":180,"texture":"#0"}}},{"from":[0,1.675,10.125],"to":[1,2.275,10.275],"rotation":{"angle":-45,"axis":"x","origin":[0.5,2.875,11.7]},"faces":{"north":{"uv":[1,2.5,7.5,7],"rotation":180,"texture":"#0"},"east":{"uv":[1,2.5,7.5,7],"rotation":180,"texture":"#0"},"south":{"uv":[1,2.5,7.5,7],"rotation":180,"texture":"#0"},"west":{"uv":[1,2.5,7.5,7],"rotation":180,"texture":"#0"},"up":{"uv":[1,2.5,7.5,7],"rotation":180,"texture":"#0"},"down":{"uv":[1,2.5,7.5,7],"rotation":180,"texture":"#0"}}},{"from":[0,1.775,10.025],"to":[1,2.175,10.175],"rotation":{"angle":-45,"axis":"x","origin":[0.5,2.875,11.7]},"faces":{"north":{"uv":[1,2.5,7.5,7],"rotation":180,"texture":"#0"},"east":{"uv":[1,2.5,7.5,7],"rotation":180,"texture":"#0"},"south":{"uv":[1,2.5,7.5,7],"rotation":180,"texture":"#0"},"west":{"uv":[1,2.5,7.5,7],"rotation":180,"texture":"#0"},"up":{"uv":[1,2.5,7.5,7],"rotation":180,"texture":"#0"},"down":{"uv":[1,2.5,7.5,7],"rotation":180,"texture":"#0"}}},{"from":[0,1.875,9.925],"to":[1,2.075,10.075],"rotation":{"angle":-45,"axis":"x","origin":[0.5,2.875,11.7]},"faces":{"north":{"uv":[1,2.5,7.5,7],"rotation":180,"texture":"#0"},"east":{"uv":[1,2.5,7.5,7],"rotation":180,"texture":"#0"},"south":{"uv":[1,2.5,7.5,7],"rotation":180,"texture":"#0"},"west":{"uv":[1,2.5,7.5,7],"rotation":180,"texture":"#0"},"up":{"uv":[1,2.5,7.5,7],"rotation":180,"texture":"#0"},"down":{"uv":[1,2.5,7.5,7],"rotation":180,"texture":"#0"}}},{"from":[0,3.175,10.325],"to":[1,3.475,10.475],"rotation":{"angle":-45,"axis":"x","origin":[0.5,2.875,11.7]},"faces":{"north":{"uv":[1,2.5,7.5,7],"rotation":180,"texture":"#0"},"east":{"uv":[1,2.5,7.5,7],"rotation":180,"texture":"#0"},"south":{"uv":[1,2.5,7.5,7],"rotation":180,"texture":"#0"},"west":{"uv":[1,2.5,7.5,7],"rotation":180,"texture":"#0"},"up":{"uv":[1,2.5,7.5,7],"rotation":180,"texture":"#0"},"down":{"uv":[1,2.5,7.5,7],"rotation":180,"texture":"#0"}}},{"from":[0,3,8],"to":[1,3.15,11.6],"faces":{"north":{"uv":[1,2.5,7.5,7],"texture":"#0"},"east":{"uv":[1,2.5,7.5,7],"texture":"#0"},"south":{"uv":[1,2.5,7.5,7],"texture":"#0"},"west":{"uv":[1,2.5,7.5,7],"texture":"#0"},"up":{"uv":[1,2.5,7.5,7],"texture":"#0"},"down":{"uv":[1,2.5,7.5,7],"texture":"#0"}}},{"from":[0,3.9,5.5],"to":[1,4.05,8.4],"faces":{"north":{"uv":[1,2.5,7.5,7],"texture":"#0"},"east":{"uv":[1,2.5,7.5,7],"texture":"#0"},"south":{"uv":[1,2.5,7.5,7],"texture":"#0"},"west":{"uv":[1,2.5,7.5,7],"texture":"#0"},"up":{"uv":[1,2.5,7.5,7],"texture":"#0"},"down":{"uv":[1,2.5,7.5,7],"texture":"#0"}}},{"from":[0,3.8,5.5],"to":[1,3.95,8.3],"faces":{"north":{"uv":[1,2.5,7.5,7],"texture":"#0"},"east":{"uv":[1,2.5,7.5,7],"texture":"#0"},"south":{"uv":[1,2.5,7.5,7],"texture":"#0"},"west":{"uv":[1,2.5,7.5,7],"texture":"#0"},"up":{"uv":[1,2.5,7.5,7],"texture":"#0"},"down":{"uv":[1,2.5,7.5,7],"texture":"#0"}}},{"from":[0,3.4,5.7],"to":[1,3.55,8.3],"faces":{"north":{"uv":[1,2.5,7.5,7],"texture":"#0"},"east":{"uv":[1,2.5,7.5,7],"texture":"#0"},"south":{"uv":[1,2.5,7.5,7],"texture":"#0"},"west":{"uv":[1,2.5,7.5,7],"texture":"#0"},"up":{"uv":[1,2.5,7.5,7],"texture":"#0"},"down":{"uv":[1,2.5,7.5,7],"texture":"#0"}}},{"from":[0,3.3,6.3],"to":[1,3.45,8.3],"faces":{"north":{"uv":[1,2.5,7.5,7],"texture":"#0"},"east":{"uv":[1,2.5,7.5,7],"texture":"#0"},"south":{"uv":[1,2.5,7.5,7],"texture":"#0"},"west":{"uv":[1,2.5,7.5,7],"texture":"#0"},"up":{"uv":[1,2.5,7.5,7],"texture":"#0"},"down":{"uv":[1,2.5,7.5,7],"texture":"#0"}}},{"from":[0,3.2,6.6],"to":[1,3.35,8.3],"faces":{"north":{"uv":[1,2.5,7.5,7],"texture":"#0"},"east":{"uv":[1,2.5,7.5,7],"texture":"#0"},"south":{"uv":[1,2.5,7.5,7],"texture":"#0"},"west":{"uv":[1,2.5,7.5,7],"texture":"#0"},"up":{"uv":[1,2.5,7.5,7],"texture":"#0"},"down":{"uv":[1,2.5,7.5,7],"texture":"#0"}}},{"from":[0,3.1,7.2],"to":[1,3.25,8.3],"faces":{"north":{"uv":[1,2.5,7.5,7],"texture":"#0"},"east":{"uv":[1,2.5,7.5,7],"texture":"#0"},"south":{"uv":[1,2.5,7.5,7],"texture":"#0"},"west":{"uv":[1,2.5,7.5,7],"texture":"#0"},"up":{"uv":[1,2.5,7.5,7],"texture":"#0"},"down":{"uv":[1,2.5,7.5,7],"texture":"#0"}}},{"from":[0,3.5,5.5],"to":[1,3.85,8.3],"faces":{"north":{"uv":[1,2.5,7.5,7],"texture":"#0"},"east":{"uv":[1,2.5,7.5,7],"texture":"#0"},"south":{"uv":[1,2.5,7.5,7],"texture":"#0"},"west":{"uv":[1,2.5,7.5,7],"texture":"#0"},"up":{"uv":[1,2.5,7.5,7],"texture":"#0"},"down":{"uv":[1,2.5,7.5,7],"texture":"#0"}}},{"from":[0,4.8,5.1],"to":[1,4.95,5.5],"faces":{"north":{"uv":[1,2.5,7.5,7],"texture":"#0"},"east":{"uv":[1,2.5,7.5,7],"texture":"#0"},"south":{"uv":[1,2.5,7.5,7],"texture":"#0"},"west":{"uv":[1,2.5,7.5,7],"texture":"#0"},"up":{"uv":[1,2.5,7.5,7],"texture":"#0"},"down":{"uv":[1,2.5,7.5,7],"texture":"#0"}}},{"from":[0,4.7,5.2],"to":[1,4.85,5.5],"faces":{"north":{"uv":[1,2.5,7.5,7],"texture":"#0"},"east":{"uv":[1,2.5,7.5,7],"texture":"#0"},"south":{"uv":[1,2.5,7.5,7],"texture":"#0"},"west":{"uv":[1,2.5,7.5,7],"texture":"#0"},"up":{"uv":[1,2.5,7.5,7],"texture":"#0"},"down":{"uv":[1,2.5,7.5,7],"texture":"#0"}}},{"from":[0,6.6,12.1],"to":[1,6.75,16.2],"faces":{"north":{"uv":[1,2.5,7.5,7],"texture":"#0"},"east":{"uv":[1,2.5,7.5,7],"texture":"#0"},"south":{"uv":[1,2.5,7.5,7],"texture":"#0"},"west":{"uv":[1,2.5,7.5,7],"texture":"#0"},"up":{"uv":[1,2.5,7.5,7],"texture":"#0"},"down":{"uv":[1,2.5,7.5,7],"texture":"#0"}}},{"from":[0,6.7,12.1],"to":[1,6.85,15.4],"faces":{"north":{"uv":[1,2.5,7.5,7],"texture":"#0"},"east":{"uv":[1,2.5,7.5,7],"texture":"#0"},"south":{"uv":[1,2.5,7.5,7],"texture":"#0"},"west":{"uv":[1,2.5,7.5,7],"texture":"#0"},"up":{"uv":[1,2.5,7.5,7],"texture":"#0"},"down":{"uv":[1,2.5,7.5,7],"texture":"#0"}}},{"from":[0,6.8,12.1],"to":[1,6.95,14.3],"faces":{"north":{"uv":[1,2.5,7.5,7],"texture":"#0"},"east":{"uv":[1,2.5,7.5,7],"texture":"#0"},"south":{"uv":[1,2.5,7.5,7],"texture":"#0"},"west":{"uv":[1,2.5,7.5,7],"texture":"#0"},"up":{"uv":[1,2.5,7.5,7],"texture":"#0"},"down":{"uv":[1,2.5,7.5,7],"texture":"#0"}}},{"from":[0,6.9,12.1],"to":[1,7.05,13.6],"faces":{"north":{"uv":[1,2.5,7.5,7],"texture":"#0"},"east":{"uv":[1,2.5,7.5,7],"texture":"#0"},"south":{"uv":[1,2.5,7.5,7],"texture":"#0"},"west":{"uv":[1,2.5,7.5,7],"texture":"#0"},"up":{"uv":[1,2.5,7.5,7],"texture":"#0"},"down":{"uv":[1,2.5,7.5,7],"texture":"#0"}}},{"from":[0,7,12.1],"to":[1,7.15,13.2],"faces":{"north":{"uv":[1,2.5,7.5,7],"texture":"#0"},"east":{"uv":[1,2.5,7.5,7],"texture":"#0"},"south":{"uv":[1,2.5,7.5,7],"texture":"#0"},"west":{"uv":[1,2.5,7.5,7],"texture":"#0"},"up":{"uv":[1,2.5,7.5,7],"texture":"#0"},"down":{"uv":[1,2.5,7.5,7],"texture":"#0"}}},{"from":[0,7.1,12.5],"to":[1,7.25,13.2],"faces":{"north":{"uv":[1,2.5,7.5,7],"texture":"#0"},"east":{"uv":[1,2.5,7.5,7],"texture":"#0"},"south":{"uv":[1,2.5,7.5,7],"texture":"#0"},"west":{"uv":[1,2.5,7.5,7],"texture":"#0"},"up":{"uv":[1,2.5,7.5,7],"texture":"#0"},"down":{"uv":[1,2.5,7.5,7],"texture":"#0"}}},{"from":[0,6.2,17.3],"to":[1,6.3,18.4],"faces":{"north":{"uv":[1,2.5,7.5,7],"texture":"#0"},"east":{"uv":[1,2.5,7.5,7],"texture":"#0"},"south":{"uv":[1,2.5,7.5,7],"texture":"#0"},"west":{"uv":[1,2.5,7.5,7],"texture":"#0"},"up":{"uv":[1,2.5,7.5,7],"texture":"#0"},"down":{"uv":[1,2.5,7.5,7],"texture":"#0"}}},{"from":[0,1.8,18.4],"to":[1,6.3,18.5],"faces":{"north":{"uv":[1,2.5,7.5,7],"texture":"#0"},"east":{"uv":[1,2.5,7.5,7],"texture":"#0"},"south":{"uv":[1,2.5,7.5,7],"texture":"#0"},"west":{"uv":[1,2.5,7.5,7],"texture":"#0"},"up":{"uv":[1,2.5,7.5,7],"texture":"#0"},"down":{"uv":[1,2.5,7.5,7],"texture":"#0"}}},{"from":[0,1.8,17.9],"to":[1,6.05,18.4],"faces":{"north":{"uv":[1,2.5,7.5,7],"texture":"#0"},"east":{"uv":[1,2.5,7.5,7],"texture":"#0"},"south":{"uv":[1,2.5,7.5,7],"texture":"#0"},"west":{"uv":[1,2.5,7.5,7],"texture":"#0"},"up":{"uv":[1,2.5,7.5,7],"texture":"#0"},"down":{"uv":[1,2.5,7.5,7],"texture":"#0"}}},{"from":[0.2,0.55,5.55],"to":[0.8,3.7,8.05],"faces":{"north":{"uv":[10,9.5,14,14.5],"texture":"#0"},"east":{"uv":[10,9.5,14,14.5],"texture":"#0"},"south":{"uv":[10,9.5,14,14.5],"texture":"#0"},"west":{"uv":[10,9.5,14,14.5],"texture":"#0"},"up":{"uv":[10,9.5,14,14.5],"texture":"#0"},"down":{"uv":[10,9.5,14,14.5],"texture":"#0"}}},{"from":[0.2,0.45,5.8],"to":[0.8,0.6,8.05],"faces":{"north":{"uv":[10,9.5,14,14.5],"texture":"#0"},"east":{"uv":[10,9.5,14,14.5],"texture":"#0"},"south":{"uv":[10,9.5,14,14.5],"texture":"#0"},"west":{"uv":[10,9.5,14,14.5],"texture":"#0"},"up":{"uv":[10,9.5,14,14.5],"texture":"#0"},"down":{"uv":[10,9.5,14,14.5],"texture":"#0"}}},{"from":[0.2,0.35,6],"to":[0.8,0.5,8.05],"faces":{"north":{"uv":[10,9.5,14,14.5],"texture":"#0"},"east":{"uv":[10,9.5,14,14.5],"texture":"#0"},"south":{"uv":[10,9.5,14,14.5],"texture":"#0"},"west":{"uv":[10,9.5,14,14.5],"texture":"#0"},"up":{"uv":[10,9.5,14,14.5],"texture":"#0"},"down":{"uv":[10,9.5,14,14.5],"texture":"#0"}}},{"from":[0.2,0.25,6.3],"to":[0.8,0.4,8.05],"faces":{"north":{"uv":[10,9.5,14,14.5],"texture":"#0"},"east":{"uv":[10,9.5,14,14.5],"texture":"#0"},"south":{"uv":[10,9.5,14,14.5],"texture":"#0"},"west":{"uv":[10,9.5,14,14.5],"texture":"#0"},"up":{"uv":[10,9.5,14,14.5],"texture":"#0"},"down":{"uv":[10,9.5,14,14.5],"texture":"#0"}}},{"from":[0.2,0.15,6.6],"to":[0.8,0.3,8.05],"faces":{"north":{"uv":[10,9.5,14,14.5],"texture":"#0"},"east":{"uv":[10,9.5,14,14.5],"texture":"#0"},"south":{"uv":[10,9.5,14,14.5],"texture":"#0"},"west":{"uv":[10,9.5,14,14.5],"texture":"#0"},"up":{"uv":[10,9.5,14,14.5],"texture":"#0"},"down":{"uv":[10,9.5,14,14.5],"texture":"#0"}}},{"from":[0.3,3.6,9.35],"to":[0.7,4.1,9.55],"faces":{"north":{"uv":[10,9.5,14,14.5],"texture":"#0"},"east":{"uv":[10,9.5,14,14.5],"texture":"#0"},"south":{"uv":[10,9.5,14,14.5],"texture":"#0"},"west":{"uv":[10,9.5,14,14.5],"texture":"#0"},"up":{"uv":[10,9.5,14,14.5],"texture":"#0"},"down":{"uv":[10,9.5,14,14.5],"texture":"#0"}}},{"from":[0.3,3.1,9.25],"to":[0.7,3.7,9.45],"rotation":{"angle":45,"axis":"x","origin":[0.5,3.5,9.45]},"faces":{"north":{"uv":[10,9.5,14,14.5],"texture":"#0"},"east":{"uv":[10,9.5,14,14.5],"texture":"#0"},"south":{"uv":[10,9.5,14,14.5],"texture":"#0"},"west":{"uv":[10,9.5,14,14.5],"texture":"#0"},"up":{"uv":[10,9.5,14,14.5],"texture":"#0"},"down":{"uv":[10,9.5,14,14.5],"texture":"#0"}}},{"from":[0.3,5.6,-2.9],"to":[0.7,5.95,-1.8],"faces":{"north":{"uv":[10,9.5,14,14.5],"texture":"#0"},"east":{"uv":[10,9.5,14,14.5],"texture":"#0"},"south":{"uv":[10,9.5,14,14.5],"texture":"#0"},"west":{"uv":[10,9.5,14,14.5],"texture":"#0"},"up":{"uv":[10,9.5,14,14.5],"texture":"#0"},"down":{"uv":[10,9.5,14,14.5],"texture":"#0"}}},{"from":[0,5.2,-3.9],"to":[1,6.25,-2.9],"faces":{"north":{"uv":[11,1.5,15,6.5],"texture":"#0"},"east":{"uv":[11,1.5,15,6.5],"texture":"#0"},"south":{"uv":[11,1.5,15,6.5],"texture":"#0"},"west":{"uv":[11,1.5,15,6.5],"texture":"#0"},"up":{"uv":[11,1.5,15,6.5],"texture":"#0"},"down":{"uv":[11,1.5,15,6.5],"texture":"#0"}}},{"from":[0,5.9,-4.9],"to":[1,6.25,-3.9],"faces":{"north":{"uv":[11,1.5,15,6.5],"texture":"#0"},"east":{"uv":[11,1.5,15,6.5],"texture":"#0"},"south":{"uv":[11,1.5,15,6.5],"texture":"#0"},"west":{"uv":[11,1.5,15,6.5],"texture":"#0"},"up":{"uv":[11,1.5,15,6.5],"texture":"#0"},"down":{"uv":[11,1.5,15,6.5],"texture":"#0"}}},{"from":[0,5.2,-4.9],"to":[1,5.55,-3.9],"faces":{"north":{"uv":[11,1.5,15,6.5],"texture":"#0"},"east":{"uv":[11,1.5,15,6.5],"texture":"#0"},"south":{"uv":[11,1.5,15,6.5],"texture":"#0"},"west":{"uv":[11,1.5,15,6.5],"texture":"#0"},"up":{"uv":[11,1.5,15,6.5],"texture":"#0"},"down":{"uv":[11,1.5,15,6.5],"texture":"#0"}}},{"from":[0,5.4,-4.9],"to":[1,5.95,-4.7],"faces":{"north":{"uv":[11,1.5,15,6.5],"texture":"#0"},"east":{"uv":[11,1.5,15,6.5],"texture":"#0"},"south":{"uv":[11,1.5,15,6.5],"texture":"#0"},"west":{"uv":[11,1.5,15,6.5],"texture":"#0"},"up":{"uv":[11,1.5,15,6.5],"texture":"#0"},"down":{"uv":[11,1.5,15,6.5],"texture":"#0"}}},{"from":[0,5.4,-4.5],"to":[1,5.95,-4.3],"faces":{"north":{"uv":[11,1.5,15,6.5],"texture":"#0"},"east":{"uv":[11,1.5,15,6.5],"texture":"#0"},"south":{"uv":[11,1.5,15,6.5],"texture":"#0"},"west":{"uv":[11,1.5,15,6.5],"texture":"#0"},"up":{"uv":[11,1.5,15,6.5],"texture":"#0"},"down":{"uv":[11,1.5,15,6.5],"texture":"#0"}}},{"from":[0,5,-0.55],"to":[1,5.5,5.05],"faces":{"north":{"uv":[1,1,6,6.5],"texture":"#0"},"east":{"uv":[1,1,6,6.5],"texture":"#0"},"south":{"uv":[1,1,6,6.5],"texture":"#0"},"west":{"uv":[1,1,6,6.5],"texture":"#0"},"up":{"uv":[1,1,6,6.5],"texture":"#0"},"down":{"uv":[1,1,6,6.5],"texture":"#0"}}},{"from":[0,4.9,4.75],"to":[1,5,4.85],"faces":{"north":{"uv":[1,1,6,6.5],"texture":"#0"},"east":{"uv":[1,1,6,6.5],"texture":"#0"},"south":{"uv":[1,1,6,6.5],"texture":"#0"},"west":{"uv":[1,1,6,6.5],"texture":"#0"},"up":{"uv":[1,1,6,6.5],"texture":"#0"},"down":{"uv":[1,1,6,6.5],"texture":"#0"}}},{"from":[0,4.9,4.55],"to":[1,5,4.65],"faces":{"north":{"uv":[1,1,6,6.5],"texture":"#0"},"east":{"uv":[1,1,6,6.5],"texture":"#0"},"south":{"uv":[1,1,6,6.5],"texture":"#0"},"west":{"uv":[1,1,6,6.5],"texture":"#0"},"up":{"uv":[1,1,6,6.5],"texture":"#0"},"down":{"uv":[1,1,6,6.5],"texture":"#0"}}},{"from":[0,4.9,4.35],"to":[1,5,4.45],"faces":{"north":{"uv":[1,1,6,6.5],"texture":"#0"},"east":{"uv":[1,1,6,6.5],"texture":"#0"},"south":{"uv":[1,1,6,6.5],"texture":"#0"},"west":{"uv":[1,1,6,6.5],"texture":"#0"},"up":{"uv":[1,1,6,6.5],"texture":"#0"},"down":{"uv":[1,1,6,6.5],"texture":"#0"}}},{"from":[0,4.9,4.15],"to":[1,5,4.25],"faces":{"north":{"uv":[1,1,6,6.5],"texture":"#0"},"east":{"uv":[1,1,6,6.5],"texture":"#0"},"south":{"uv":[1,1,6,6.5],"texture":"#0"},"west":{"uv":[1,1,6,6.5],"texture":"#0"},"up":{"uv":[1,1,6,6.5],"texture":"#0"},"down":{"uv":[1,1,6,6.5],"texture":"#0"}}},{"from":[0,4.9,3.95],"to":[1,5,4.05],"faces":{"north":{"uv":[1,1,6,6.5],"texture":"#0"},"east":{"uv":[1,1,6,6.5],"texture":"#0"},"south":{"uv":[1,1,6,6.5],"texture":"#0"},"west":{"uv":[1,1,6,6.5],"texture":"#0"},"up":{"uv":[1,1,6,6.5],"texture":"#0"},"down":{"uv":[1,1,6,6.5],"texture":"#0"}}},{"from":[0,4.9,3.75],"to":[1,5,3.85],"faces":{"north":{"uv":[1,1,6,6.5],"texture":"#0"},"east":{"uv":[1,1,6,6.5],"texture":"#0"},"south":{"uv":[1,1,6,6.5],"texture":"#0"},"west":{"uv":[1,1,6,6.5],"texture":"#0"},"up":{"uv":[1,1,6,6.5],"texture":"#0"},"down":{"uv":[1,1,6,6.5],"texture":"#0"}}},{"from":[0,4.9,3.55],"to":[1,5,3.65],"faces":{"north":{"uv":[1,1,6,6.5],"texture":"#0"},"east":{"uv":[1,1,6,6.5],"texture":"#0"},"south":{"uv":[1,1,6,6.5],"texture":"#0"},"west":{"uv":[1,1,6,6.5],"texture":"#0"},"up":{"uv":[1,1,6,6.5],"texture":"#0"},"down":{"uv":[1,1,6,6.5],"texture":"#0"}}},{"from":[0,4.9,3.35],"to":[1,5,3.45],"faces":{"north":{"uv":[1,1,6,6.5],"texture":"#0"},"east":{"uv":[1,1,6,6.5],"texture":"#0"},"south":{"uv":[1,1,6,6.5],"texture":"#0"},"west":{"uv":[1,1,6,6.5],"texture":"#0"},"up":{"uv":[1,1,6,6.5],"texture":"#0"},"down":{"uv":[1,1,6,6.5],"texture":"#0"}}},{"from":[0,4.9,3.15],"to":[1,5,3.25],"faces":{"north":{"uv":[1,1,6,6.5],"texture":"#0"},"east":{"uv":[1,1,6,6.5],"texture":"#0"},"south":{"uv":[1,1,6,6.5],"texture":"#0"},"west":{"uv":[1,1,6,6.5],"texture":"#0"},"up":{"uv":[1,1,6,6.5],"texture":"#0"},"down":{"uv":[1,1,6,6.5],"texture":"#0"}}},{"from":[0,4.9,2.95],"to":[1,5,3.05],"faces":{"north":{"uv":[1,1,6,6.5],"texture":"#0"},"east":{"uv":[1,1,6,6.5],"texture":"#0"},"south":{"uv":[1,1,6,6.5],"texture":"#0"},"west":{"uv":[1,1,6,6.5],"texture":"#0"},"up":{"uv":[1,1,6,6.5],"texture":"#0"},"down":{"uv":[1,1,6,6.5],"texture":"#0"}}},{"from":[0,4.9,2.75],"to":[1,5,2.85],"faces":{"north":{"uv":[1,1,6,6.5],"texture":"#0"},"east":{"uv":[1,1,6,6.5],"texture":"#0"},"south":{"uv":[1,1,6,6.5],"texture":"#0"},"west":{"uv":[1,1,6,6.5],"texture":"#0"},"up":{"uv":[1,1,6,6.5],"texture":"#0"},"down":{"uv":[1,1,6,6.5],"texture":"#0"}}},{"from":[0,4.9,2.55],"to":[1,5,2.65],"faces":{"north":{"uv":[1,1,6,6.5],"texture":"#0"},"east":{"uv":[1,1,6,6.5],"texture":"#0"},"south":{"uv":[1,1,6,6.5],"texture":"#0"},"west":{"uv":[1,1,6,6.5],"texture":"#0"},"up":{"uv":[1,1,6,6.5],"texture":"#0"},"down":{"uv":[1,1,6,6.5],"texture":"#0"}}},{"from":[0,4.9,2.35],"to":[1,5,2.45],"faces":{"north":{"uv":[1,1,6,6.5],"texture":"#0"},"east":{"uv":[1,1,6,6.5],"texture":"#0"},"south":{"uv":[1,1,6,6.5],"texture":"#0"},"west":{"uv":[1,1,6,6.5],"texture":"#0"},"up":{"uv":[1,1,6,6.5],"texture":"#0"},"down":{"uv":[1,1,6,6.5],"texture":"#0"}}},{"from":[0,4.9,2.15],"to":[1,5,2.25],"faces":{"north":{"uv":[1,1,6,6.5],"texture":"#0"},"east":{"uv":[1,1,6,6.5],"texture":"#0"},"south":{"uv":[1,1,6,6.5],"texture":"#0"},"west":{"uv":[1,1,6,6.5],"texture":"#0"},"up":{"uv":[1,1,6,6.5],"texture":"#0"},"down":{"uv":[1,1,6,6.5],"texture":"#0"}}},{"from":[0,4.9,1.95],"to":[1,5,2.05],"faces":{"north":{"uv":[1,1,6,6.5],"texture":"#0"},"east":{"uv":[1,1,6,6.5],"texture":"#0"},"south":{"uv":[1,1,6,6.5],"texture":"#0"},"west":{"uv":[1,1,6,6.5],"texture":"#0"},"up":{"uv":[1,1,6,6.5],"texture":"#0"},"down":{"uv":[1,1,6,6.5],"texture":"#0"}}},{"from":[0,4.9,1.75],"to":[1,5,1.85],"faces":{"north":{"uv":[1,1,6,6.5],"texture":"#0"},"east":{"uv":[1,1,6,6.5],"texture":"#0"},"south":{"uv":[1,1,6,6.5],"texture":"#0"},"west":{"uv":[1,1,6,6.5],"texture":"#0"},"up":{"uv":[1,1,6,6.5],"texture":"#0"},"down":{"uv":[1,1,6,6.5],"texture":"#0"}}},{"from":[0,4.9,1.55],"to":[1,5,1.65],"faces":{"north":{"uv":[1,1,6,6.5],"texture":"#0"},"east":{"uv":[1,1,6,6.5],"texture":"#0"},"south":{"uv":[1,1,6,6.5],"texture":"#0"},"west":{"uv":[1,1,6,6.5],"texture":"#0"},"up":{"uv":[1,1,6,6.5],"texture":"#0"},"down":{"uv":[1,1,6,6.5],"texture":"#0"}}},{"from":[0,4.9,1.35],"to":[1,5,1.45],"faces":{"north":{"uv":[1,1,6,6.5],"texture":"#0"},"east":{"uv":[1,1,6,6.5],"texture":"#0"},"south":{"uv":[1,1,6,6.5],"texture":"#0"},"west":{"uv":[1,1,6,6.5],"texture":"#0"},"up":{"uv":[1,1,6,6.5],"texture":"#0"},"down":{"uv":[1,1,6,6.5],"texture":"#0"}}},{"from":[0,4.9,1.15],"to":[1,5,1.25],"faces":{"north":{"uv":[1,1,6,6.5],"texture":"#0"},"east":{"uv":[1,1,6,6.5],"texture":"#0"},"south":{"uv":[1,1,6,6.5],"texture":"#0"},"west":{"uv":[1,1,6,6.5],"texture":"#0"},"up":{"uv":[1,1,6,6.5],"texture":"#0"},"down":{"uv":[1,1,6,6.5],"texture":"#0"}}},{"from":[0,4.9,0.95],"to":[1,5,1.05],"faces":{"north":{"uv":[1,1,6,6.5],"texture":"#0"},"east":{"uv":[1,1,6,6.5],"texture":"#0"},"south":{"uv":[1,1,6,6.5],"texture":"#0"},"west":{"uv":[1,1,6,6.5],"texture":"#0"},"up":{"uv":[1,1,6,6.5],"texture":"#0"},"down":{"uv":[1,1,6,6.5],"texture":"#0"}}},{"from":[0,4.9,0.75],"to":[1,5,0.85],"faces":{"north":{"uv":[1,1,6,6.5],"texture":"#0"},"east":{"uv":[1,1,6,6.5],"texture":"#0"},"south":{"uv":[1,1,6,6.5],"texture":"#0"},"west":{"uv":[1,1,6,6.5],"texture":"#0"},"up":{"uv":[1,1,6,6.5],"texture":"#0"},"down":{"uv":[1,1,6,6.5],"texture":"#0"}}},{"from":[0,4.9,0.55],"to":[1,5,0.65],"faces":{"north":{"uv":[1,1,6,6.5],"texture":"#0"},"east":{"uv":[1,1,6,6.5],"texture":"#0"},"south":{"uv":[1,1,6,6.5],"texture":"#0"},"west":{"uv":[1,1,6,6.5],"texture":"#0"},"up":{"uv":[1,1,6,6.5],"texture":"#0"},"down":{"uv":[1,1,6,6.5],"texture":"#0"}}},{"from":[0,4.9,0.35],"to":[1,5,0.45],"faces":{"north":{"uv":[1,1,6,6.5],"texture":"#0"},"east":{"uv":[1,1,6,6.5],"texture":"#0"},"south":{"uv":[1,1,6,6.5],"texture":"#0"},"west":{"uv":[1,1,6,6.5],"texture":"#0"},"up":{"uv":[1,1,6,6.5],"texture":"#0"},"down":{"uv":[1,1,6,6.5],"texture":"#0"}}},{"from":[0,4.9,0.15],"to":[1,5,0.25],"faces":{"north":{"uv":[1,1,6,6.5],"texture":"#0"},"east":{"uv":[1,1,6,6.5],"texture":"#0"},"south":{"uv":[1,1,6,6.5],"texture":"#0"},"west":{"uv":[1,1,6,6.5],"texture":"#0"},"up":{"uv":[1,1,6,6.5],"texture":"#0"},"down":{"uv":[1,1,6,6.5],"texture":"#0"}}},{"from":[0,4.9,-0.05],"to":[1,5,0.05],"faces":{"north":{"uv":[1,1,6,6.5],"texture":"#0"},"east":{"uv":[1,1,6,6.5],"texture":"#0"},"south":{"uv":[1,1,6,6.5],"texture":"#0"},"west":{"uv":[1,1,6,6.5],"texture":"#0"},"up":{"uv":[1,1,6,6.5],"texture":"#0"},"down":{"uv":[1,1,6,6.5],"texture":"#0"}}},{"from":[0,4.9,-0.25],"to":[1,5,-0.15],"faces":{"north":{"uv":[1,1,6,6.5],"texture":"#0"},"east":{"uv":[1,1,6,6.5],"texture":"#0"},"south":{"uv":[1,1,6,6.5],"texture":"#0"},"west":{"uv":[1,1,6,6.5],"texture":"#0"},"up":{"uv":[1,1,6,6.5],"texture":"#0"},"down":{"uv":[1,1,6,6.5],"texture":"#0"}}},{"from":[0,4.9,-0.45],"to":[1,5,-0.35],"faces":{"north":{"uv":[1,1,6,6.5],"texture":"#0"},"east":{"uv":[1,1,6,6.5],"texture":"#0"},"south":{"uv":[1,1,6,6.5],"texture":"#0"},"west":{"uv":[1,1,6,6.5],"texture":"#0"},"up":{"uv":[1,1,6,6.5],"texture":"#0"},"down":{"uv":[1,1,6,6.5],"texture":"#0"}}},{"from":[0,7,10.4],"to":[1,7.15,10.6],"faces":{"north":{"uv":[1,1,6,6.5],"texture":"#0"},"east":{"uv":[1,1,6,6.5],"texture":"#0"},"south":{"uv":[1,1,6,6.5],"texture":"#0"},"west":{"uv":[1,1,6,6.5],"texture":"#0"},"up":{"uv":[1,1,6,6.5],"texture":"#0"},"down":{"uv":[1,1,6,6.5],"texture":"#0"}}},{"from":[0.4,7,10.7],"to":[0.7,7.45,11.5],"faces":{"north":{"uv":[1,1,6,6.5],"texture":"#0"},"east":{"uv":[1,1,6,6.5],"texture":"#0"},"south":{"uv":[1,1,6,6.5],"texture":"#0"},"west":{"uv":[1,1,6,6.5],"texture":"#0"},"up":{"uv":[1,1,6,6.5],"texture":"#0"},"down":{"uv":[1,1,6,6.5],"texture":"#0"}}},{"from":[0,1.5,18.55],"to":[1,6.45,18.65],"faces":{"north":{"uv":[1,1,6,6.5],"texture":"#0"},"east":{"uv":[1,1,6,6.5],"texture":"#0"},"south":{"uv":[1,1,6,6.5],"texture":"#0"},"west":{"uv":[1,1,6,6.5],"texture":"#0"},"up":{"uv":[1,1,6,6.5],"texture":"#0"},"down":{"uv":[1,1,6,6.5],"texture":"#0"}}},{"from":[0,1.5,18.65],"to":[1,6.45,18.75],"faces":{"north":{"uv":[1,1,6,6.5],"texture":"#0"},"east":{"uv":[1,1,6,6.5],"texture":"#0"},"south":{"uv":[1,1,6,6.5],"texture":"#0"},"west":{"uv":[1,1,6,6.5],"texture":"#0"},"up":{"uv":[1,1,6,6.5],"texture":"#0"},"down":{"uv":[1,1,6,6.5],"texture":"#0"}}},{"from":[0,1.5,18.75],"to":[1,6.45,18.85],"faces":{"north":{"uv":[1,1,6,6.5],"texture":"#0"},"east":{"uv":[1,1,6,6.5],"texture":"#0"},"south":{"uv":[1,1,6,6.5],"texture":"#0"},"west":{"uv":[1,1,6,6.5],"texture":"#0"},"up":{"uv":[1,1,6,6.5],"texture":"#0"},"down":{"uv":[1,1,6,6.5],"texture":"#0"}}},{"from":[0,1.5,18.85],"to":[1,6.45,18.95],"faces":{"north":{"uv":[1,1,6,6.5],"texture":"#0"},"east":{"uv":[1,1,6,6.5],"texture":"#0"},"south":{"uv":[1,1,6,6.5],"texture":"#0"},"west":{"uv":[1,1,6,6.5],"texture":"#0"},"up":{"uv":[1,1,6,6.5],"texture":"#0"},"down":{"uv":[1,1,6,6.5],"texture":"#0"}}},{"from":[0,1.5,18.95],"to":[1,6.45,19.05],"faces":{"north":{"uv":[1,1,6,6.5],"texture":"#0"},"east":{"uv":[1,1,6,6.5],"texture":"#0"},"south":{"uv":[1,1,6,6.5],"texture":"#0"},"west":{"uv":[1,1,6,6.5],"texture":"#0"},"up":{"uv":[1,1,6,6.5],"texture":"#0"},"down":{"uv":[1,1,6,6.5],"texture":"#0"}}},{"from":[0,1.5,19.05],"to":[1,3.75,19.15],"faces":{"north":{"uv":[1,1,6,6.5],"texture":"#0"},"east":{"uv":[1,1,6,6.5],"texture":"#0"},"south":{"uv":[1,1,6,6.5],"texture":"#0"},"west":{"uv":[1,1,6,6.5],"texture":"#0"},"up":{"uv":[1,1,6,6.5],"texture":"#0"},"down":{"uv":[1,1,6,6.5],"texture":"#0"}}},{"from":[0,4.4,19.05],"to":[1,6.45,19.15],"faces":{"north":{"uv":[1,1,6,6.5],"texture":"#0"},"east":{"uv":[1,1,6,6.5],"texture":"#0"},"south":{"uv":[1,1,6,6.5],"texture":"#0"},"west":{"uv":[1,1,6,6.5],"texture":"#0"},"up":{"uv":[1,1,6,6.5],"texture":"#0"},"down":{"uv":[1,1,6,6.5],"texture":"#0"}}},{"from":[0,5.5,19.15],"to":[1,6.45,19.25],"faces":{"north":{"uv":[1,1,6,6.5],"texture":"#0"},"east":{"uv":[1,1,6,6.5],"texture":"#0"},"south":{"uv":[1,1,6,6.5],"texture":"#0"},"west":{"uv":[1,1,6,6.5],"texture":"#0"},"up":{"uv":[1,1,6,6.5],"texture":"#0"},"down":{"uv":[1,1,6,6.5],"texture":"#0"}}},{"from":[0,1.5,19.15],"to":[1,2.45,19.25],"faces":{"north":{"uv":[1,1,6,6.5],"texture":"#0"},"east":{"uv":[1,1,6,6.5],"texture":"#0"},"south":{"uv":[1,1,6,6.5],"texture":"#0"},"west":{"uv":[1,1,6,6.5],"texture":"#0"},"up":{"uv":[1,1,6,6.5],"texture":"#0"},"down":{"uv":[1,1,6,6.5],"texture":"#0"}}},{"from":[0.4,7.4,11.3],"to":[0.7,8.15,11.5],"faces":{"north":{"uv":[1,1,6,6.5],"texture":"#0"},"east":{"uv":[1,1,6,6.5],"texture":"#0"},"south":{"uv":[1,1,6,6.5],"texture":"#0"},"west":{"uv":[1,1,6,6.5],"texture":"#0"},"up":{"uv":[1,1,6,6.5],"texture":"#0"},"down":{"uv":[1,1,6,6.5],"texture":"#0"}}},{"from":[0,7,10.1],"to":[1,7.15,10.3],"faces":{"north":{"uv":[1,1,6,6.5],"texture":"#0"},"east":{"uv":[1,1,6,6.5],"texture":"#0"},"south":{"uv":[1,1,6,6.5],"texture":"#0"},"west":{"uv":[1,1,6,6.5],"texture":"#0"},"up":{"uv":[1,1,6,6.5],"texture":"#0"},"down":{"uv":[1,1,6,6.5],"texture":"#0"}}},{"from":[0,7,9.8],"to":[1,7.15,10],"faces":{"north":{"uv":[1,1,6,6.5],"texture":"#0"},"east":{"uv":[1,1,6,6.5],"texture":"#0"},"south":{"uv":[1,1,6,6.5],"texture":"#0"},"west":{"uv":[1,1,6,6.5],"texture":"#0"},"up":{"uv":[1,1,6,6.5],"texture":"#0"},"down":{"uv":[1,1,6,6.5],"texture":"#0"}}},{"from":[0,7,9.5],"to":[1,7.15,9.7],"faces":{"north":{"uv":[1,1,6,6.5],"texture":"#0"},"east":{"uv":[1,1,6,6.5],"texture":"#0"},"south":{"uv":[1,1,6,6.5],"texture":"#0"},"west":{"uv":[1,1,6,6.5],"texture":"#0"},"up":{"uv":[1,1,6,6.5],"texture":"#0"},"down":{"uv":[1,1,6,6.5],"texture":"#0"}}},{"from":[0,7,9.2],"to":[1,7.15,9.4],"faces":{"north":{"uv":[1,1,6,6.5],"texture":"#0"},"east":{"uv":[1,1,6,6.5],"texture":"#0"},"south":{"uv":[1,1,6,6.5],"texture":"#0"},"west":{"uv":[1,1,6,6.5],"texture":"#0"},"up":{"uv":[1,1,6,6.5],"texture":"#0"},"down":{"uv":[1,1,6,6.5],"texture":"#0"}}},{"from":[0,7,8.9],"to":[1,7.15,9.1],"faces":{"north":{"uv":[1,1,6,6.5],"texture":"#0"},"east":{"uv":[1,1,6,6.5],"texture":"#0"},"south":{"uv":[1,1,6,6.5],"texture":"#0"},"west":{"uv":[1,1,6,6.5],"texture":"#0"},"up":{"uv":[1,1,6,6.5],"texture":"#0"},"down":{"uv":[1,1,6,6.5],"texture":"#0"}}},{"from":[0,7,8.6],"to":[1,7.15,8.8],"faces":{"north":{"uv":[1,1,6,6.5],"texture":"#0"},"east":{"uv":[1,1,6,6.5],"texture":"#0"},"south":{"uv":[1,1,6,6.5],"texture":"#0"},"west":{"uv":[1,1,6,6.5],"texture":"#0"},"up":{"uv":[1,1,6,6.5],"texture":"#0"},"down":{"uv":[1,1,6,6.5],"texture":"#0"}}},{"from":[0,7,8.3],"to":[1,7.15,8.5],"faces":{"north":{"uv":[1,1,6,6.5],"texture":"#0"},"east":{"uv":[1,1,6,6.5],"texture":"#0"},"south":{"uv":[1,1,6,6.5],"texture":"#0"},"west":{"uv":[1,1,6,6.5],"texture":"#0"},"up":{"uv":[1,1,6,6.5],"texture":"#0"},"down":{"uv":[1,1,6,6.5],"texture":"#0"}}},{"from":[0,7,8],"to":[1,7.15,8.2],"faces":{"north":{"uv":[1,1,6,6.5],"texture":"#0"},"east":{"uv":[1,1,6,6.5],"texture":"#0"},"south":{"uv":[1,1,6,6.5],"texture":"#0"},"west":{"uv":[1,1,6,6.5],"texture":"#0"},"up":{"uv":[1,1,6,6.5],"texture":"#0"},"down":{"uv":[1,1,6,6.5],"texture":"#0"}}},{"from":[0,7,7.7],"to":[1,7.15,7.9],"faces":{"north":{"uv":[1,1,6,6.5],"texture":"#0"},"east":{"uv":[1,1,6,6.5],"texture":"#0"},"south":{"uv":[1,1,6,6.5],"texture":"#0"},"west":{"uv":[1,1,6,6.5],"texture":"#0"},"up":{"uv":[1,1,6,6.5],"texture":"#0"},"down":{"uv":[1,1,6,6.5],"texture":"#0"}}},{"from":[0,7,7.4],"to":[1,7.15,7.6],"faces":{"north":{"uv":[1,1,6,6.5],"texture":"#0"},"east":{"uv":[1,1,6,6.5],"texture":"#0"},"south":{"uv":[1,1,6,6.5],"texture":"#0"},"west":{"uv":[1,1,6,6.5],"texture":"#0"},"up":{"uv":[1,1,6,6.5],"texture":"#0"},"down":{"uv":[1,1,6,6.5],"texture":"#0"}}},{"from":[0,7,7.1],"to":[1,7.15,7.3],"faces":{"north":{"uv":[1,1,6,6.5],"texture":"#0"},"east":{"uv":[1,1,6,6.5],"texture":"#0"},"south":{"uv":[1,1,6,6.5],"texture":"#0"},"west":{"uv":[1,1,6,6.5],"texture":"#0"},"up":{"uv":[1,1,6,6.5],"texture":"#0"},"down":{"uv":[1,1,6,6.5],"texture":"#0"}}},{"from":[0,7,6.8],"to":[1,7.15,7],"faces":{"north":{"uv":[1,1,6,6.5],"texture":"#0"},"east":{"uv":[1,1,6,6.5],"texture":"#0"},"south":{"uv":[1,1,6,6.5],"texture":"#0"},"west":{"uv":[1,1,6,6.5],"texture":"#0"},"up":{"uv":[1,1,6,6.5],"texture":"#0"},"down":{"uv":[1,1,6,6.5],"texture":"#0"}}},{"from":[0,7,6.5],"to":[1,7.15,6.7],"faces":{"north":{"uv":[1,1,6,6.5],"texture":"#0"},"east":{"uv":[1,1,6,6.5],"texture":"#0"},"south":{"uv":[1,1,6,6.5],"texture":"#0"},"west":{"uv":[1,1,6,6.5],"texture":"#0"},"up":{"uv":[1,1,6,6.5],"texture":"#0"},"down":{"uv":[1,1,6,6.5],"texture":"#0"}}},{"from":[0,7,6.2],"to":[1,7.15,6.4],"faces":{"north":{"uv":[1,1,6,6.5],"texture":"#0"},"east":{"uv":[1,1,6,6.5],"texture":"#0"},"south":{"uv":[1,1,6,6.5],"texture":"#0"},"west":{"uv":[1,1,6,6.5],"texture":"#0"},"up":{"uv":[1,1,6,6.5],"texture":"#0"},"down":{"uv":[1,1,6,6.5],"texture":"#0"}}},{"from":[0,7,5.9],"to":[1,7.15,6.1],"faces":{"north":{"uv":[1,1,6,6.5],"texture":"#0"},"east":{"uv":[1,1,6,6.5],"texture":"#0"},"south":{"uv":[1,1,6,6.5],"texture":"#0"},"west":{"uv":[1,1,6,6.5],"texture":"#0"},"up":{"uv":[1,1,6,6.5],"texture":"#0"},"down":{"uv":[1,1,6,6.5],"texture":"#0"}}},{"from":[0,7,5.6],"to":[1,7.15,5.8],"faces":{"north":{"uv":[1,1,6,6.5],"texture":"#0"},"east":{"uv":[1,1,6,6.5],"texture":"#0"},"south":{"uv":[1,1,6,6.5],"texture":"#0"},"west":{"uv":[1,1,6,6.5],"texture":"#0"},"up":{"uv":[1,1,6,6.5],"texture":"#0"},"down":{"uv":[1,1,6,6.5],"texture":"#0"}}},{"from":[0,7,5.3],"to":[1,7.15,5.5],"faces":{"north":{"uv":[1,1,6,6.5],"texture":"#0"},"east":{"uv":[1,1,6,6.5],"texture":"#0"},"south":{"uv":[1,1,6,6.5],"texture":"#0"},"west":{"uv":[1,1,6,6.5],"texture":"#0"},"up":{"uv":[1,1,6,6.5],"texture":"#0"},"down":{"uv":[1,1,6,6.5],"texture":"#0"}}},{"from":[0,7,5],"to":[1,7.15,5.2],"faces":{"north":{"uv":[1,1,6,6.5],"texture":"#0"},"east":{"uv":[1,1,6,6.5],"texture":"#0"},"south":{"uv":[1,1,6,6.5],"texture":"#0"},"west":{"uv":[1,1,6,6.5],"texture":"#0"},"up":{"uv":[1,1,6,6.5],"texture":"#0"},"down":{"uv":[1,1,6,6.5],"texture":"#0"}}},{"from":[0,7,4.7],"to":[1,7.15,4.9],"faces":{"north":{"uv":[1,1,6,6.5],"texture":"#0"},"east":{"uv":[1,1,6,6.5],"texture":"#0"},"south":{"uv":[1,1,6,6.5],"texture":"#0"},"west":{"uv":[1,1,6,6.5],"texture":"#0"},"up":{"uv":[1,1,6,6.5],"texture":"#0"},"down":{"uv":[1,1,6,6.5],"texture":"#0"}}},{"from":[0,7,4.4],"to":[1,7.15,4.6],"faces":{"north":{"uv":[1,1,6,6.5],"texture":"#0"},"east":{"uv":[1,1,6,6.5],"texture":"#0"},"south":{"uv":[1,1,6,6.5],"texture":"#0"},"west":{"uv":[1,1,6,6.5],"texture":"#0"},"up":{"uv":[1,1,6,6.5],"texture":"#0"},"down":{"uv":[1,1,6,6.5],"texture":"#0"}}},{"from":[0,7,4.1],"to":[1,7.15,4.3],"faces":{"north":{"uv":[1,1,6,6.5],"texture":"#0"},"east":{"uv":[1,1,6,6.5],"texture":"#0"},"south":{"uv":[1,1,6,6.5],"texture":"#0"},"west":{"uv":[1,1,6,6.5],"texture":"#0"},"up":{"uv":[1,1,6,6.5],"texture":"#0"},"down":{"uv":[1,1,6,6.5],"texture":"#0"}}},{"from":[0,7,3.8],"to":[1,7.15,4],"faces":{"north":{"uv":[1,1,6,6.5],"texture":"#0"},"east":{"uv":[1,1,6,6.5],"texture":"#0"},"south":{"uv":[1,1,6,6.5],"texture":"#0"},"west":{"uv":[1,1,6,6.5],"texture":"#0"},"up":{"uv":[1,1,6,6.5],"texture":"#0"},"down":{"uv":[1,1,6,6.5],"texture":"#0"}}},{"from":[0,7,3.5],"to":[1,7.15,3.7],"faces":{"north":{"uv":[1,1,6,6.5],"texture":"#0"},"east":{"uv":[1,1,6,6.5],"texture":"#0"},"south":{"uv":[1,1,6,6.5],"texture":"#0"},"west":{"uv":[1,1,6,6.5],"texture":"#0"},"up":{"uv":[1,1,6,6.5],"texture":"#0"},"down":{"uv":[1,1,6,6.5],"texture":"#0"}}},{"from":[0,7,3.2],"to":[1,7.15,3.4],"faces":{"north":{"uv":[1,1,6,6.5],"texture":"#0"},"east":{"uv":[1,1,6,6.5],"texture":"#0"},"south":{"uv":[1,1,6,6.5],"texture":"#0"},"west":{"uv":[1,1,6,6.5],"texture":"#0"},"up":{"uv":[1,1,6,6.5],"texture":"#0"},"down":{"uv":[1,1,6,6.5],"texture":"#0"}}},{"from":[0,7,2.9],"to":[1,7.15,3.1],"faces":{"north":{"uv":[1,1,6,6.5],"texture":"#0"},"east":{"uv":[1,1,6,6.5],"texture":"#0"},"south":{"uv":[1,1,6,6.5],"texture":"#0"},"west":{"uv":[1,1,6,6.5],"texture":"#0"},"up":{"uv":[1,1,6,6.5],"texture":"#0"},"down":{"uv":[1,1,6,6.5],"texture":"#0"}}},{"from":[0,7,2.6],"to":[1,7.15,2.8],"faces":{"north":{"uv":[1,1,6,6.5],"texture":"#0"},"east":{"uv":[1,1,6,6.5],"texture":"#0"},"south":{"uv":[1,1,6,6.5],"texture":"#0"},"west":{"uv":[1,1,6,6.5],"texture":"#0"},"up":{"uv":[1,1,6,6.5],"texture":"#0"},"down":{"uv":[1,1,6,6.5],"texture":"#0"}}},{"from":[0,7,2.3],"to":[1,7.15,2.5],"faces":{"north":{"uv":[1,1,6,6.5],"texture":"#0"},"east":{"uv":[1,1,6,6.5],"texture":"#0"},"south":{"uv":[1,1,6,6.5],"texture":"#0"},"west":{"uv":[1,1,6,6.5],"texture":"#0"},"up":{"uv":[1,1,6,6.5],"texture":"#0"},"down":{"uv":[1,1,6,6.5],"texture":"#0"}}},{"from":[0,7,2],"to":[1,7.15,2.2],"faces":{"north":{"uv":[1,1,6,6.5],"texture":"#0"},"east":{"uv":[1,1,6,6.5],"texture":"#0"},"south":{"uv":[1,1,6,6.5],"texture":"#0"},"west":{"uv":[1,1,6,6.5],"texture":"#0"},"up":{"uv":[1,1,6,6.5],"texture":"#0"},"down":{"uv":[1,1,6,6.5],"texture":"#0"}}},{"from":[0,7,1.7],"to":[1,7.15,1.9],"faces":{"north":{"uv":[1,1,6,6.5],"texture":"#0"},"east":{"uv":[1,1,6,6.5],"texture":"#0"},"south":{"uv":[1,1,6,6.5],"texture":"#0"},"west":{"uv":[1,1,6,6.5],"texture":"#0"},"up":{"uv":[1,1,6,6.5],"texture":"#0"},"down":{"uv":[1,1,6,6.5],"texture":"#0"}}},{"from":[0,7,1.4],"to":[1,7.15,1.6],"faces":{"north":{"uv":[1,1,6,6.5],"texture":"#0"},"east":{"uv":[1,1,6,6.5],"texture":"#0"},"south":{"uv":[1,1,6,6.5],"texture":"#0"},"west":{"uv":[1,1,6,6.5],"texture":"#0"},"up":{"uv":[1,1,6,6.5],"texture":"#0"},"down":{"uv":[1,1,6,6.5],"texture":"#0"}}},{"from":[0,7,1.1],"to":[1,7.15,1.3],"faces":{"north":{"uv":[1,1,6,6.5],"texture":"#0"},"east":{"uv":[1,1,6,6.5],"texture":"#0"},"south":{"uv":[1,1,6,6.5],"texture":"#0"},"west":{"uv":[1,1,6,6.5],"texture":"#0"},"up":{"uv":[1,1,6,6.5],"texture":"#0"},"down":{"uv":[1,1,6,6.5],"texture":"#0"}}},{"from":[0,7,0.8],"to":[1,7.15,1],"faces":{"north":{"uv":[1,1,6,6.5],"texture":"#0"},"east":{"uv":[1,1,6,6.5],"texture":"#0"},"south":{"uv":[1,1,6,6.5],"texture":"#0"},"west":{"uv":[1,1,6,6.5],"texture":"#0"},"up":{"uv":[1,1,6,6.5],"texture":"#0"},"down":{"uv":[1,1,6,6.5],"texture":"#0"}}},{"from":[0,7,0.5],"to":[1,7.15,0.7],"faces":{"north":{"uv":[1,1,6,6.5],"texture":"#0"},"east":{"uv":[1,1,6,6.5],"texture":"#0"},"south":{"uv":[1,1,6,6.5],"texture":"#0"},"west":{"uv":[1,1,6,6.5],"texture":"#0"},"up":{"uv":[1,1,6,6.5],"texture":"#0"},"down":{"uv":[1,1,6,6.5],"texture":"#0"}}},{"from":[0,7,0.2],"to":[1,7.15,0.4],"faces":{"north":{"uv":[1,1,6,6.5],"texture":"#0"},"east":{"uv":[1,1,6,6.5],"texture":"#0"},"south":{"uv":[1,1,6,6.5],"texture":"#0"},"west":{"uv":[1,1,6,6.5],"texture":"#0"},"up":{"uv":[1,1,6,6.5],"texture":"#0"},"down":{"uv":[1,1,6,6.5],"texture":"#0"}}},{"from":[0,7,-0.1],"to":[1,7.15,0.1],"faces":{"north":{"uv":[1,1,6,6.5],"texture":"#0"},"east":{"uv":[1,1,6,6.5],"texture":"#0"},"south":{"uv":[1,1,6,6.5],"texture":"#0"},"west":{"uv":[1,1,6,6.5],"texture":"#0"},"up":{"uv":[1,1,6,6.5],"texture":"#0"},"down":{"uv":[1,1,6,6.5],"texture":"#0"}}},{"from":[0,7,-0.4],"to":[1,7.15,-0.2],"faces":{"north":{"uv":[1,1,6,6.5],"texture":"#0"},"east":{"uv":[1,1,6,6.5],"texture":"#0"},"south":{"uv":[1,1,6,6.5],"texture":"#0"},"west":{"uv":[1,1,6,6.5],"texture":"#0"},"up":{"uv":[1,1,6,6.5],"texture":"#0"},"down":{"uv":[1,1,6,6.5],"texture":"#0"}}},{"from":[0,5.3,-1.1],"to":[1,7.15,-0.5],"faces":{"north":{"uv":[1,1,6,6.5],"texture":"#0"},"east":{"uv":[1,1,6,6.5],"texture":"#0"},"south":{"uv":[1,1,6,6.5],"texture":"#0"},"west":{"uv":[1,1,6,6.5],"texture":"#0"},"up":{"uv":[1,1,6,6.5],"texture":"#0"},"down":{"uv":[1,1,6,6.5],"texture":"#0"}}},{"from":[0,5.3,-1.3],"to":[1,6.95,-1.1],"faces":{"north":{"uv":[1,1,6,6.5],"texture":"#0"},"east":{"uv":[1,1,6,6.5],"texture":"#0"},"south":{"uv":[1,1,6,6.5],"texture":"#0"},"west":{"uv":[1,1,6,6.5],"texture":"#0"},"up":{"uv":[1,1,6,6.5],"texture":"#0"},"down":{"uv":[1,1,6,6.5],"texture":"#0"}}},{"from":[0,5.3,-1.8],"to":[1,6.65,-1.3],"faces":{"north":{"uv":[1,1,6,6.5],"texture":"#0"},"east":{"uv":[1,1,6,6.5],"texture":"#0"},"south":{"uv":[1,1,6,6.5],"texture":"#0"},"west":{"uv":[1,1,6,6.5],"texture":"#0"},"up":{"uv":[1,1,6,6.5],"texture":"#0"},"down":{"uv":[1,1,6,6.5],"texture":"#0"}}},{"from":[0,6.4,-1.9],"to":[1,6.65,-1.8],"faces":{"north":{"uv":[1,1,6,6.5],"texture":"#0"},"east":{"uv":[1,1,6,6.5],"texture":"#0"},"south":{"uv":[1,1,6,6.5],"texture":"#0"},"west":{"uv":[1,1,6,6.5],"texture":"#0"},"up":{"uv":[1,1,6,6.5],"texture":"#0"},"down":{"uv":[1,1,6,6.5],"texture":"#0"}}},{"from":[0.3,7.1,-1.1],"to":[0.7,7.55,-0.8],"faces":{"north":{"uv":[1,1,6,6.5],"texture":"#0"},"east":{"uv":[1,1,6,6.5],"texture":"#0"},"south":{"uv":[1,1,6,6.5],"texture":"#0"},"west":{"uv":[1,1,6,6.5],"texture":"#0"},"up":{"uv":[1,1,6,6.5],"texture":"#0"},"down":{"uv":[1,1,6,6.5],"texture":"#0"}}},{"from":[0.3,7.5,-1.1],"to":[0.7,7.85,-0.9],"faces":{"north":{"uv":[1,1,6,6.5],"texture":"#0"},"east":{"uv":[1,1,6,6.5],"texture":"#0"},"south":{"uv":[1,1,6,6.5],"texture":"#0"},"west":{"uv":[1,1,6,6.5],"texture":"#0"},"up":{"uv":[1,1,6,6.5],"texture":"#0"},"down":{"uv":[1,1,6,6.5],"texture":"#0"}}}],"display":{"thirdperson_righthand":{"translation":[8.25,4.5,-0.75]},"thirdperson_lefthand":{"translation":[-7.25,4.5,-0.75]},"firstperson_righthand":{"rotation":[0,17,0],"translation":[8.75,5.75,-1.5]},"firstperson_lefthand":{"translation":[0,3.5,-2.25]},"ground":{"scale":[2,2,2]},"gui":{"rotation":[0,90,0],"translation":[0,2.75,0]},"fixed":{"rotation":[0,90,0],"translation":[0,6.5,-15.5],"scale":[2,2,2]}},"groups":[{"name":"polimero 1","origin":[8,8,8],"color":0,"children":[0,1,2,3,4,5,6,7,8,9,10,11,12,13,14,15,16,17,18,19,20,21,22,23,24,25,26,27,28,29,30,31,32,33,34,35,36,37,38,39,40,41,42,43,44,45,46,47,48,49,50,51,52,53,54,55,56,57,58,59,60,61,62,63]},{"name":"pente","origin":[8,8,8],"color":0,"children":[64,65,66,67,68,69,70,71,72,73,74,75,76]},{"name":"metal black","origin":[8,8,8],"color":0,"children":[77,78,79,80,81,82,83,84,85,86,87,88,89,90,91,92,93,94,95,96,97,98,99,100,101,102,103,104,105,106,107,108,109,110,111,112,113,114,115,116,117,118,119,120,121,122,123,124,125,126,127,128,129,130,131,132,133,134,135,136,137,138,139,140,141,142,143,144,145,146,147,148,149,150,151,152,153,154,155,156,157,158]}]}