{
	"credit": "Made with Blockbench",
	"textures": {
		"particle": "scining cactus_bottom"
	},
	"elements": [
		{
			"from": [1, 0, 1],
			"to": [15, 0.25, 15],
			"faces": {
				"north": {"uv": [1, 1, 15, 1.5], "texture": "#scining cactus_bottom"},
				"east": {"uv": [1, 1, 15, 1.5], "texture": "#scining cactus_bottom"},
				"south": {"uv": [1, 1, 15, 1.5], "texture": "#scining cactus_bottom"},
				"west": {"uv": [1, 1, 15, 1.5], "texture": "#scining cactus_bottom"},
				"up": {"uv": [1, 1, 15, 15], "texture": "#scining cactus_bottom"},
				"down": {"uv": [1, 1, 15, 15], "texture": "#scining cactus_bottom"}
			}
		},
		{
			"from": [0, 0.25, 15],
			"to": [16, 15.75, 15],
			"faces": {
				"north": {"uv": [0, 0, 16, 16], "texture": "#scining cactus_side"},
				"east": {"uv": [0, 0, 16, 16], "texture": "#scining cactus_side"},
				"south": {"uv": [0, 0, 16, 16], "texture": "#scining cactus_side"},
				"west": {"uv": [0, 0, 16, 16], "texture": "#scining cactus_side"},
				"up": {"uv": [0, 0, 16, 16], "texture": "#scining cactus_side"},
				"down": {"uv": [0, 0, 16, 16], "texture": "#scining cactus_side"}
			}
		},
		{
			"from": [0, 0.25, 1],
			"to": [16, 15.75, 1],
			"faces": {
				"north": {"uv": [0, 0, 16, 16], "texture": "#scining cactus_side"},
				"east": {"uv": [0, 0, 16, 16], "texture": "#scining cactus_side"},
				"south": {"uv": [0, 0, 16, 16], "texture": "#scining cactus_side"},
				"west": {"uv": [0, 0, 16, 16], "texture": "#scining cactus_side"},
				"up": {"uv": [0, 0, 16, 16], "texture": "#scining cactus_side"},
				"down": {"uv": [0, 0, 16, 16], "texture": "#scining cactus_side"}
			}
		},
		{
			"from": [15, 0.25, 0],
			"to": [15, 15.75, 16],
			"faces": {
				"north": {"uv": [0, 0, 16, 16], "texture": "#scining cactus_side"},
				"east": {"uv": [0, 0, 16, 16], "texture": "#scining cactus_side"},
				"south": {"uv": [0, 0, 16, 16], "texture": "#scining cactus_side"},
				"west": {"uv": [0, 0, 16, 16], "texture": "#scining cactus_side"},
				"up": {"uv": [0, 0, 16, 16], "texture": "#scining cactus_side"},
				"down": {"uv": [0, 0, 16, 16], "texture": "#scining cactus_side"}
			}
		},
		{
			"from": [1, 0.25, 0],
			"to": [1, 15.75, 16],
			"faces": {
				"north": {"uv": [0, 0, 16, 16], "texture": "#scining cactus_side"},
				"east": {"uv": [0, 0, 16, 16], "texture": "#scining cactus_side"},
				"south": {"uv": [0, 0, 16, 16], "texture": "#scining cactus_side"},
				"west": {"uv": [0, 0, 16, 16], "texture": "#scining cactus_side"},
				"up": {"uv": [0, 0, 16, 16], "texture": "#scining cactus_side"},
				"down": {"uv": [0, 0, 16, 16], "texture": "#scining cactus_side"}
			}
		},
		{
			"from": [1, 15.75, 1],
			"to": [15, 16, 15],
			"faces": {
				"north": {"uv": [1, 1, 15, 1.5], "texture": "#scining cactus_top"},
				"east": {"uv": [1, 1, 15, 1.5], "texture": "#scining cactus_top"},
				"south": {"uv": [1, 1, 15, 1.5], "texture": "#scining cactus_top"},
				"west": {"uv": [1, 1, 15, 1.5], "texture": "#scining cactus_top"},
				"up": {"uv": [1, 1, 15, 15], "texture": "#scining cactus_top"},
				"down": {"uv": [1, 1, 15, 15], "texture": "#scining cactus_top"}
			}
		}
	],
	"display": {
		"thirdperson_righthand": {
			"scale": [0.22, 0.22, 0.22]
		},
		"thirdperson_lefthand": {
			"scale": [0.22, 0.22, 0.22]
		},
		"firstperson_righthand": {
			"scale": [0.7, 0.7, 0.7]
		},
		"firstperson_lefthand": {
			"scale": [0.7, 0.7, 0.7]
		},
		"ground": {
			"scale": [0.55, 0.55, 0.55]
		},
		"gui": {
			"scale": [1, 0.91797, 1]
		}
	}
}