{
	"credit": "Made by JLSkyzer",
	"textures": {
		"0": "black",
		"4": "dark_gray",
		"9": "métal",
		"19": "light_gray",
		"27": "light_red",
		"31": "white",
		"35": "dark metal",
		"36": "white metal",
		"37": "orange metal",
		"38": "black metal",
		"particle": "black",
		"logo": "512 x 512"
	},
	"elements": [
		{
			"from": [-16, 0, 0],
			"to": [-8, 8, 24],
			"faces": {
				"north": {"uv": [0, 0, 8, 8], "texture": "#4"},
				"east": {"uv": [0, 0, 8, 8], "texture": "#4"},
				"south": {"uv": [0, 0, 8, 8], "texture": "#4"},
				"west": {"uv": [0, 0, 8, 8], "texture": "#4"},
				"up": {"uv": [0, 0, 8, 8], "texture": "#4"},
				"down": {"uv": [0, 0, 8, 8], "texture": "#4"}
			}
		},
		{
			"from": [24, 0, 0],
			"to": [32, 8, 24],
			"faces": {
				"north": {"uv": [0, 0, 8, 8], "texture": "#4"},
				"east": {"uv": [0, 0, 8, 8], "texture": "#4"},
				"south": {"uv": [0, 0, 8, 8], "texture": "#4"},
				"west": {"uv": [0, 0, 8, 8], "texture": "#4"},
				"up": {"uv": [0, 0, 8, 8], "texture": "#4"},
				"down": {"uv": [0, 0, 8, 8], "texture": "#4"}
			}
		},
		{
			"from": [-16, 8, 0],
			"to": [32, 14, 24],
			"faces": {
				"north": {"uv": [0, 0, 16, 6], "texture": "#4"},
				"east": {"uv": [0, 0, 16, 6], "texture": "#4"},
				"south": {"uv": [0, 0, 16, 6], "texture": "#4"},
				"west": {"uv": [0, 0, 16, 6], "texture": "#4"},
				"up": {"uv": [0, 0, 16, 6], "texture": "#4"},
				"down": {"uv": [0, 0, 16, 6], "texture": "#4"}
			}
		},
		{
			"from": [19, 14, 2],
			"to": [32, 27, 24],
			"faces": {
				"north": {"uv": [0, 0, 13, 16], "texture": "#31"},
				"east": {"uv": [0, 0, 13, 16], "texture": "#31"},
				"south": {"uv": [0, 0, 13, 16], "texture": "#31"},
				"west": {"uv": [0, 0, 13, 16], "texture": "#31"},
				"up": {"uv": [0, 0, 13, 16], "texture": "#31"},
				"down": {"uv": [0, 0, 13, 16], "texture": "#31"}
			}
		},
		{
			"from": [22, 20, 0],
			"to": [23, 21, 2],
			"faces": {
				"north": {"uv": [0, 0, 1, 1], "texture": "#0"},
				"east": {"uv": [0, 0, 1, 1], "texture": "#0"},
				"south": {"uv": [0, 0, 1, 1], "texture": "#0"},
				"west": {"uv": [0, 0, 1, 1], "texture": "#0"},
				"up": {"uv": [0, 0, 1, 1], "texture": "#0"},
				"down": {"uv": [0, 0, 1, 1], "texture": "#0"}
			}
		},
		{
			"from": [22, 21, 0],
			"to": [23, 24, 1],
			"faces": {
				"north": {"uv": [0, 0, 1, 3], "texture": "#0"},
				"east": {"uv": [0, 0, 1, 3], "texture": "#0"},
				"south": {"uv": [0, 0, 1, 3], "texture": "#0"},
				"west": {"uv": [0, 0, 1, 3], "texture": "#0"},
				"up": {"uv": [0, 0, 1, 3], "texture": "#0"},
				"down": {"uv": [0, 0, 1, 3], "texture": "#0"}
			}
		},
		{
			"from": [28, 20, 0],
			"to": [29, 21, 2],
			"rotation": {"angle": 45, "axis": "z", "origin": [28.5, 20.5, 1]},
			"faces": {
				"north": {"uv": [0, 0, 1, 1], "texture": "#0"},
				"east": {"uv": [0, 0, 1, 1], "texture": "#0"},
				"south": {"uv": [0, 0, 1, 1], "texture": "#0"},
				"west": {"uv": [0, 0, 1, 1], "texture": "#0"},
				"up": {"uv": [0, 0, 1, 1], "texture": "#0"},
				"down": {"uv": [0, 0, 1, 1], "texture": "#0"}
			}
		},
		{
			"from": [26.6, 21.5, 0],
			"to": [27.6, 24.5, 1],
			"rotation": {"angle": 45, "axis": "z", "origin": [28.5, 22.5, 0.5]},
			"faces": {
				"north": {"uv": [0, 0, 1, 3], "texture": "#0"},
				"east": {"uv": [0, 0, 1, 3], "texture": "#0"},
				"south": {"uv": [0, 0, 1, 3], "texture": "#0"},
				"west": {"uv": [0, 0, 1, 3], "texture": "#0"},
				"up": {"uv": [0, 0, 1, 3], "texture": "#0"},
				"down": {"uv": [0, 0, 1, 3], "texture": "#0"}
			}
		},
		{
			"from": [-16, 14, 23],
			"to": [19, 25, 24],
			"faces": {
				"north": {"uv": [0, 0, 16, 16], "texture": "#19"},
				"east": {"uv": [0, 0, 16, 16], "texture": "#19"},
				"south": {"uv": [0, 0, 16, 16], "texture": "#19"},
				"west": {"uv": [0, 0, 16, 16], "texture": "#19"},
				"up": {"uv": [0, 0, 16, 16], "texture": "#19"},
				"down": {"uv": [0, 0, 16, 16], "texture": "#19"}
			}
		},
		{
			"from": [-16, 24.3, 23],
			"to": [19, 28.7, 24],
			"rotation": {"angle": -45, "axis": "x", "origin": [1.5, 24.5, 23.5]},
			"faces": {
				"north": {"uv": [0, 0, 16, 16], "texture": "#19"},
				"east": {"uv": [0, 0, 16, 16], "texture": "#19"},
				"south": {"uv": [0, 0, 16, 16], "texture": "#19"},
				"west": {"uv": [0, 0, 16, 16], "texture": "#19"},
				"up": {"uv": [0, 0, 16, 16], "texture": "#19"},
				"down": {"uv": [0, 0, 16, 16], "texture": "#19"}
			}
		},
		{
			"from": [-16, 26.7, 11],
			"to": [19, 27.7, 21],
			"rotation": {"angle": 0, "axis": "y", "origin": [1.5, 24.5, 23.5]},
			"faces": {
				"north": {"uv": [0, 0, 16, 16], "rotation": 180, "texture": "#19"},
				"east": {"uv": [0, 0, 16, 16], "rotation": 180, "texture": "#19"},
				"south": {"uv": [0, 0, 16, 16], "rotation": 180, "texture": "#19"},
				"west": {"uv": [0, 0, 16, 16], "rotation": 180, "texture": "#19"},
				"up": {"uv": [0, 0, 16, 16], "rotation": 180, "texture": "#19"},
				"down": {"uv": [0, 0, 16, 16], "rotation": 180, "texture": "#19"}
			}
		},
		{
			"from": [-16, 14, 6],
			"to": [17, 16, 10],
			"faces": {
				"north": {"uv": [0, 0, 16, 16], "texture": "#9"},
				"east": {"uv": [0, 0, 16, 16], "texture": "#9"},
				"south": {"uv": [0, 0, 16, 16], "texture": "#9"},
				"west": {"uv": [0, 0, 16, 16], "texture": "#9"},
				"up": {"uv": [0, 0, 16, 16], "texture": "#9"},
				"down": {"uv": [0, 0, 16, 16], "texture": "#9"}
			}
		},
		{
			"from": [-16, 14, 11],
			"to": [-8, 23, 15],
			"faces": {
				"north": {"uv": [0, 0, 8, 9], "texture": "#4"},
				"east": {"uv": [0, 0, 8, 9], "texture": "#4"},
				"south": {"uv": [0, 0, 8, 9], "texture": "#4"},
				"west": {"uv": [0, 0, 8, 9], "texture": "#4"},
				"up": {"uv": [0, 0, 8, 9], "texture": "#4"},
				"down": {"uv": [0, 0, 8, 9], "texture": "#4"}
			}
		},
		{
			"from": [-8, 20, 12],
			"to": [-5, 22, 14],
			"faces": {
				"north": {"uv": [0, 0, 16, 16], "texture": "#35"},
				"east": {"uv": [0, 0, 16, 16], "texture": "#35"},
				"south": {"uv": [0, 0, 16, 16], "texture": "#35"},
				"west": {"uv": [0, 0, 16, 16], "texture": "#35"},
				"up": {"uv": [0, 0, 16, 16], "texture": "#35"},
				"down": {"uv": [0, 0, 16, 16], "texture": "#35"}
			}
		},
		{
			"from": [-5.2, 20.2, 12.7],
			"to": [-3.6, 21.5, 13.2],
			"rotation": {"angle": -45, "axis": "z", "origin": [-4.5, 21.75, 12.95]},
			"faces": {
				"north": {"uv": [0, 0, 16, 16], "texture": "#36"},
				"east": {"uv": [0, 0, 16, 16], "texture": "#36"},
				"south": {"uv": [0, 0, 16, 16], "texture": "#36"},
				"west": {"uv": [0, 0, 16, 16], "texture": "#36"},
				"up": {"uv": [0, 0, 16, 16], "texture": "#36"},
				"down": {"uv": [0, 0, 16, 16], "texture": "#36"}
			}
		},
		{
			"from": [-3, 16, 6],
			"to": [3, 24, 10],
			"rotation": {"angle": 0, "axis": "y", "origin": [7, 0, 0]},
			"faces": {
				"north": {"uv": [0, 0, 16, 16], "texture": "#35"},
				"east": {"uv": [0, 0, 16, 16], "texture": "#35"},
				"south": {"uv": [0, 0, 16, 16], "texture": "#35"},
				"west": {"uv": [0, 0, 16, 16], "texture": "#35"},
				"up": {"uv": [0, 0, 16, 16], "texture": "#35"},
				"down": {"uv": [0, 0, 16, 16], "texture": "#35"}
			}
		},
		{
			"from": [-3, 14, 5],
			"to": [3, 24, 6],
			"rotation": {"angle": 0, "axis": "y", "origin": [7, 0, 0]},
			"faces": {
				"north": {"uv": [0, 0, 16, 16], "texture": "#35"},
				"east": {"uv": [0, 0, 16, 16], "texture": "#35"},
				"south": {"uv": [0, 0, 16, 16], "texture": "#35"},
				"west": {"uv": [0, 0, 16, 16], "texture": "#35"},
				"up": {"uv": [0, 0, 16, 16], "texture": "#35"},
				"down": {"uv": [0, 0, 16, 16], "texture": "#35"}
			}
		},
		{
			"from": [-3, 14, 10],
			"to": [3, 24, 11],
			"rotation": {"angle": 0, "axis": "y", "origin": [7, 0, 0]},
			"faces": {
				"north": {"uv": [0, 0, 16, 16], "texture": "#35"},
				"east": {"uv": [0, 0, 16, 16], "texture": "#35"},
				"south": {"uv": [0, 0, 16, 16], "texture": "#35"},
				"west": {"uv": [0, 0, 16, 16], "texture": "#35"},
				"up": {"uv": [0, 0, 16, 16], "texture": "#35"},
				"down": {"uv": [0, 0, 16, 16], "texture": "#35"}
			}
		},
		{
			"from": [3, 22, 5],
			"to": [4, 23, 11],
			"rotation": {"angle": 0, "axis": "y", "origin": [7, 0, 0]},
			"faces": {
				"north": {"uv": [0, 0, 16, 16], "texture": "#35"},
				"east": {"uv": [0, 0, 16, 16], "texture": "#35"},
				"south": {"uv": [0, 0, 16, 16], "texture": "#35"},
				"west": {"uv": [0, 0, 16, 16], "texture": "#35"},
				"up": {"uv": [0, 0, 16, 16], "texture": "#35"},
				"down": {"uv": [0, 0, 16, 16], "texture": "#35"}
			}
		},
		{
			"from": [3, 19, 5],
			"to": [4, 20, 11],
			"rotation": {"angle": 0, "axis": "y", "origin": [7, 0, 0]},
			"faces": {
				"north": {"uv": [0, 0, 16, 16], "texture": "#35"},
				"east": {"uv": [0, 0, 16, 16], "texture": "#35"},
				"south": {"uv": [0, 0, 16, 16], "texture": "#35"},
				"west": {"uv": [0, 0, 16, 16], "texture": "#35"},
				"up": {"uv": [0, 0, 16, 16], "texture": "#35"},
				"down": {"uv": [0, 0, 16, 16], "texture": "#35"}
			}
		},
		{
			"from": [3, 20, 5],
			"to": [4, 22, 11],
			"rotation": {"angle": 0, "axis": "y", "origin": [7, 0, 0]},
			"faces": {
				"north": {"uv": [0, 0, 16, 16], "texture": "#38"},
				"east": {"uv": [0, 0, 16, 16], "texture": "#38"},
				"south": {"uv": [0, 0, 16, 16], "texture": "#38"},
				"west": {"uv": [0, 0, 16, 16], "texture": "#38"},
				"up": {"uv": [0, 0, 16, 16], "texture": "#38"},
				"down": {"uv": [0, 0, 16, 16], "texture": "#38"}
			}
		},
		{
			"from": [3, 20, 11],
			"to": [4, 21, 12],
			"rotation": {"angle": 0, "axis": "y", "origin": [7, 0, 0]},
			"faces": {
				"north": {"uv": [0, 0, 16, 16], "texture": "#38"},
				"east": {"uv": [0, 0, 16, 16], "texture": "#38"},
				"south": {"uv": [0, 0, 16, 16], "texture": "#38"},
				"west": {"uv": [0, 0, 16, 16], "texture": "#38"},
				"up": {"uv": [0, 0, 16, 16], "texture": "#38"},
				"down": {"uv": [0, 0, 16, 16], "texture": "#38"}
			}
		},
		{
			"from": [2.7, 21, 11.3],
			"to": [3.7, 21.1, 12.3],
			"rotation": {"angle": 45, "axis": "y", "origin": [3.5, 21.05, 11.5]},
			"faces": {
				"north": {"uv": [0, 0, 16, 16], "texture": "#37"},
				"east": {"uv": [0, 0, 16, 16], "texture": "#37"},
				"south": {"uv": [0, 0, 16, 16], "texture": "#37"},
				"west": {"uv": [0, 0, 16, 16], "texture": "#37"},
				"up": {"uv": [0, 0, 16, 16], "texture": "#37"},
				"down": {"uv": [0, 0, 16, 16], "texture": "#37"}
			}
		},
		{
			"from": [25, 7, -0.1],
			"to": [31, 13, 0],
			"faces": {
				"north": {"uv": [0, 0, 16, 16], "texture": "#logo"},
				"east": {"uv": [0, 0, 16, 16], "texture": "#0"},
				"south": {"uv": [0, 0, 16, 16], "texture": "#0"},
				"west": {"uv": [0, 0, 16, 16], "texture": "#0"},
				"up": {"uv": [0, 0, 16, 16], "texture": "#0"},
				"down": {"uv": [0, 0, 16, 16], "texture": "#0"}
			}
		},
		{
			"from": [18.5, 19.6022, 10],
			"to": [19.5, 22.6022, 13],
			"faces": {
				"north": {"uv": [0, 0, 16, 16], "texture": "#9"},
				"east": {"uv": [0, 0, 16, 16], "texture": "#9"},
				"south": {"uv": [0, 0, 16, 16], "texture": "#9"},
				"west": {"uv": [0, 0, 16, 16], "texture": "#9"},
				"up": {"uv": [0, 0, 16, 16], "texture": "#9"},
				"down": {"uv": [0, 0, 16, 16], "texture": "#9"}
			}
		},
		{
			"from": [17.5, 18.6022, 9],
			"to": [18.5, 23.6022, 14],
			"faces": {
				"north": {"uv": [0, 0, 16, 16], "texture": "#9"},
				"east": {"uv": [0, 0, 16, 16], "texture": "#9"},
				"south": {"uv": [0, 0, 16, 16], "texture": "#9"},
				"west": {"uv": [0, 0, 16, 16], "texture": "#9"},
				"up": {"uv": [0, 0, 16, 16], "texture": "#9"},
				"down": {"uv": [0, 0, 16, 16], "texture": "#9"}
			}
		},
		{
			"from": [26.1, 22, -0.25],
			"to": [26.9, 23, 0.75],
			"rotation": {"angle": 45, "axis": "z", "origin": [26.5, 22.5, 0.5]},
			"faces": {
				"north": {"uv": [0, 0, 16, 16], "texture": "#27"},
				"east": {"uv": [0, 0, 16, 16], "texture": "#27"},
				"south": {"uv": [0, 0, 16, 16], "texture": "#27"},
				"west": {"uv": [0, 0, 16, 16], "texture": "#27"},
				"up": {"uv": [0, 0, 16, 16], "texture": "#27"},
				"down": {"uv": [0, 0, 16, 16], "texture": "#27"}
			}
		},
		{
			"from": [22.1, 22.9, -0.25],
			"to": [22.9, 23.9, 0.75],
			"rotation": {"angle": 0, "axis": "y", "origin": [26.5, 22.5, 0.5]},
			"faces": {
				"north": {"uv": [0, 0, 16, 16], "texture": "#27"},
				"east": {"uv": [0, 0, 16, 16], "texture": "#27"},
				"south": {"uv": [0, 0, 16, 16], "texture": "#27"},
				"west": {"uv": [0, 0, 16, 16], "texture": "#27"},
				"up": {"uv": [0, 0, 16, 16], "texture": "#27"},
				"down": {"uv": [0, 0, 16, 16], "texture": "#27"}
			}
		}
	]
}