{
	"credit": "Made with Blockbench",
	"textures": {
		"berry_texture.png": "je code vos idées:berry_texture",
		"particle": "je code vos idées:preset/Animated/xp_berry_texture",
		"xp_berry_texture.png": "je code vos idées:preset/Animated/xp_berry_texture"
	},
	"elements": [
		{
			"from": [3, 0, 3],
			"to": [13, 11, 13],
			"faces": {
				"north": {"uv": [0, 0, 16, 16], "texture": "#berry_texture.png"},
				"east": {"uv": [0, 0, 16, 16], "texture": "#berry_texture.png"},
				"south": {"uv": [0, 0, 16, 16], "texture": "#berry_texture.png"},
				"west": {"uv": [0, 0, 16, 16], "texture": "#berry_texture.png"},
				"up": {"uv": [0, 0, 16, 16], "texture": "#berry_texture.png"},
				"down": {"uv": [0, 0, 16, 16], "texture": "#berry_texture.png"}
			}
		},
		{
			"from": [2.8, 0, 2.9],
			"to": [13.2, 11, 3],
			"faces": {
				"north": {"uv": [0, 0, 16, 16], "texture": "#xp_berry_texture.png"},
				"east": {"uv": [0, 0, 16, 16], "texture": "#xp_berry_texture.png"},
				"south": {"uv": [0, 0, 16, 16], "texture": "#xp_berry_texture.png"},
				"west": {"uv": [0, 0, 16, 16], "texture": "#xp_berry_texture.png"},
				"up": {"uv": [0, 0, 16, 16], "texture": "#xp_berry_texture.png"},
				"down": {"uv": [0, 0, 16, 16], "texture": "#xp_berry_texture.png"}
			}
		},
		{
			"from": [2.8, 0, 13],
			"to": [13.2, 11, 13.1],
			"faces": {
				"north": {"uv": [0, 0, 16, 16], "texture": "#xp_berry_texture.png"},
				"east": {"uv": [0, 0, 16, 16], "texture": "#xp_berry_texture.png"},
				"south": {"uv": [0, 0, 16, 16], "texture": "#xp_berry_texture.png"},
				"west": {"uv": [0, 0, 16, 16], "texture": "#xp_berry_texture.png"},
				"up": {"uv": [0, 0, 16, 16], "texture": "#xp_berry_texture.png"},
				"down": {"uv": [0, 0, 16, 16], "texture": "#xp_berry_texture.png"}
			}
		},
		{
			"from": [2.8, 0, 3],
			"to": [3, 11, 13],
			"faces": {
				"north": {"uv": [0, 0, 16, 16], "texture": "#xp_berry_texture.png"},
				"east": {"uv": [0, 0, 16, 16], "texture": "#xp_berry_texture.png"},
				"south": {"uv": [0, 0, 16, 16], "texture": "#xp_berry_texture.png"},
				"west": {"uv": [0, 0, 16, 16], "texture": "#xp_berry_texture.png"},
				"up": {"uv": [0, 0, 16, 16], "texture": "#xp_berry_texture.png"},
				"down": {"uv": [0, 0, 16, 16], "texture": "#xp_berry_texture.png"}
			}
		},
		{
			"from": [13, 0, 3],
			"to": [13.2, 11, 13],
			"faces": {
				"north": {"uv": [0, 0, 16, 16], "texture": "#xp_berry_texture.png"},
				"east": {"uv": [0, 0, 16, 16], "texture": "#xp_berry_texture.png"},
				"south": {"uv": [0, 0, 16, 16], "texture": "#xp_berry_texture.png"},
				"west": {"uv": [0, 0, 16, 16], "texture": "#xp_berry_texture.png"},
				"up": {"uv": [0, 0, 16, 16], "texture": "#xp_berry_texture.png"},
				"down": {"uv": [0, 0, 16, 16], "texture": "#xp_berry_texture.png"}
			}
		},
		{
			"from": [2.8, 11, 2.9],
			"to": [13.2, 11.1, 13.1],
			"faces": {
				"north": {"uv": [0, 0, 16, 16], "texture": "#xp_berry_texture.png"},
				"east": {"uv": [0, 0, 16, 16], "texture": "#xp_berry_texture.png"},
				"south": {"uv": [0, 0, 16, 16], "texture": "#xp_berry_texture.png"},
				"west": {"uv": [0, 0, 16, 16], "texture": "#xp_berry_texture.png"},
				"up": {"uv": [0, 0, 16, 16], "texture": "#xp_berry_texture.png"},
				"down": {"uv": [0, 0, 16, 16], "texture": "#xp_berry_texture.png"}
			}
		}
	],
	"display": {
		"thirdperson_righthand": {
			"translation": [0, 2, 0],
			"scale": [0.61, 0.61, 0.61]
		},
		"thirdperson_lefthand": {
			"translation": [0, 2, 0],
			"scale": [0.61, 0.61, 0.61]
		},
		"firstperson_righthand": {
			"translation": [0, 2, 0],
			"scale": [0.61, 0.61, 0.61]
		},
		"firstperson_lefthand": {
			"translation": [0, 2, 0],
			"scale": [0.61, 0.61, 0.61]
		},
		"ground": {
			"scale": [0.5, 0.5, 0.5]
		},
		"gui": {
			"translation": [0, 2.25, 0]
		},
		"head": {
			"translation": [0, 3, 0],
			"scale": [1.35547, 1.24609, 1.36133]
		}
	}
}