{
  "_fv": 24,
  "_type": "rangeditem",
  "definition": {
    "renderType": 1,
    "texture": "scarh",
    "customModelName": "scarh:default",
    "name": "�5�lScarH",
    "specialInfo": [],
    "creativeTab": {
      "value": "COMBAT"
    },
    "stackSize": 1,
    "ammoItem": {
      "value": "CUSTOM:Bullet"
    },
    "shootConstantly": true,
    "usageCount": 6500,
    "actionSound": {
      "value": "CUSTOM:scarh_shoot"
    },
    "hasGlow": false,
    "animation": "none",
    "enableMeleeDamage": false,
    "damageVsEntity": 0.0,
    "useCondition": {
      "name": "ScarHCanUseRangedItem"
    },
    "bulletPower": 4.0,
    "bulletDamage": 3.0,
    "bulletKnockback": 0,
    "bulletParticles": false,
    "bulletIgnitesFire": false,
    "bulletItemTexture": {
      "value": "CUSTOM:BulletTexture"
    },
    "bulletModel": "Default",
    "customBulletModelTexture": "",
    "onBulletHitsPlayer": {
      "name": "ScarHProjectileHitsPlayer"
    },
    "onBulletHitsEntity": {
      "name": "ScarHProjectileHitsPlayer"
    }
  }
}