{
  "_fv": 33,
  "_type": "item",
  "definition": {
    "renderType": 0,
    "texture": "amenine_liquid_4",
    "customModelName": "Normal",
    "name": "§b§lLiquid Bottle",
    "rarity": "COMMON",
    "creativeTab": {
      "value": "CUSTOM:EriniumItems"
    },
    "stackSize": 8,
    "enchantability": 0,
    "useDuration": 0,
    "toolType": 1.0,
    "damageCount": 0,
    "recipeRemainder": {
      "value": "CUSTOM:AmenineLiquid3"
    },
    "destroyAnyBlock": false,
    "immuneToFire": false,
    "stayInGridWhenCrafting": true,
    "damageOnCrafting": false,
    "enableMeleeDamage": false,
    "damageVsEntity": 0.0,
    "specialInfo": [
      "§eLiquid : §5Amenine §a(4 / 5)"
    ],
    "hasGlow": false,
    "guiBoundTo": "<NONE>",
    "inventorySize": 9,
    "inventoryStackSize": 64,
    "isFood": false,
    "nutritionalValue": 4,
    "saturation": 0.3,
    "eatResultItem": {
      "value": ""
    },
    "isMeat": false,
    "isAlwaysEdible": false,
    "animation": "eat"
  }
}