{
  "_fv": 33,
  "_type": "biome",
  "definition": {
    "name": "Amenine Biome",
    "groundBlock": {
      "value": "Blocks.GRASS"
    },
    "undergroundBlock": {
      "value": "Blocks.DIRT#0"
    },
    "underwaterBlock": {
      "value": ""
    },
    "airColor": {
      "value": -6666086,
      "falpha": 0.0
    },
    "grassColor": {
      "value": -8454034,
      "falpha": 0.0
    },
    "foliageColor": {
      "value": -8454034,
      "falpha": 0.0
    },
    "waterColor": {
      "value": -8446867,
      "falpha": 0.0
    },
    "waterFogColor": {
      "value": -10811330,
      "falpha": 0.0
    },
    "ambientSound": {
      "value": ""
    },
    "additionsSound": {
      "value": ""
    },
    "music": {
      "value": ""
    },
    "moodSound": {
      "value": ""
    },
    "moodSoundDelay": 6000,
    "spawnParticles": false,
    "particleToSpawn": {
      "value": "EXPLOSION_NORMAL"
    },
    "particlesProbability": 0.5,
    "biomeCategory": "SAVANNA",
    "rainingPossibility": 0.19999999999999998,
    "temperature": 1.25,
    "baseHeight": 0.19999999999999998,
    "heightVariation": 0.3,
    "spawnBiome": true,
    "spawnBiomeNether": false,
    "spawnInCaves": false,
    "biomeWeight": 10,
    "biomeDictionaryTypes": [
      "PLAINS",
      "FOREST",
      "SAVANNA"
    ],
    "grassPerChunk": 3,
    "seagrassPerChunk": 0,
    "flowersPerChunk": 1,
    "mushroomsPerChunk": 0,
    "bigMushroomsChunk": 0,
    "sandPatchesPerChunk": 0,
    "gravelPatchesPerChunk": 0,
    "reedsPerChunk": 0,
    "cactiPerChunk": 0,
    "treesPerChunk": 4,
    "vanillaTreeType": "Savanna trees",
    "treeType": 1,
    "minHeight": 5,
    "treeStem": {
      "value": "CUSTOM:AmenineLogs"
    },
    "treeBranch": {
      "value": "CUSTOM:AmenineLeaves"
    },
    "treeVines": {
      "value": "Blocks.VINE"
    },
    "treeFruits": {
      "value": "Blocks.AIR"
    },
    "spawnStronghold": false,
    "spawnMineshaft": false,
    "spawnMineshaftMesa": false,
    "spawnPillagerOutpost": false,
    "villageType": "plains",
    "spawnWoodlandMansion": false,
    "spawnJungleTemple": false,
    "spawnDesertPyramid": false,
    "spawnSwampHut": false,
    "spawnIgloo": false,
    "spawnOceanMonument": false,
    "spawnShipwreck": false,
    "spawnShipwreckBeached": false,
    "spawnBuriedTreasure": false,
    "oceanRuinType": "NONE",
    "spawnNetherBridge": false,
    "spawnNetherFossil": false,
    "spawnBastionRemnant": false,
    "spawnEndCity": false,
    "spawnRuinedPortal": "NONE",
    "defaultFeatures": [
      "Caves",
      "Ores",
      "FrozenTopLayer"
    ],
    "spawnEntries": []
  }
}