{
  "_fv": 33,
  "_type": "rangeditem",
  "definition": {
    "renderType": 0,
    "texture": "bomb",
    "customModelName": "Normal",
    "name": "Bomb",
    "specialInfo": [],
    "creativeTab": {
      "value": "CUSTOM:AdminZone"
    },
    "stackSize": 1,
    "ammoItem": {
      "value": "Blocks.AIR"
    },
    "shootConstantly": false,
    "usageCount": 100,
    "actionSound": {
      "value": "entity.arrow.shoot"
    },
    "hasGlow": false,
    "animation": "bow",
    "enableMeleeDamage": false,
    "damageVsEntity": 0.0,
    "bulletPower": 5.0,
    "bulletDamage": 0.0,
    "bulletKnockback": 0,
    "bulletParticles": false,
    "bulletIgnitesFire": false,
    "bulletItemTexture": {
      "value": "CUSTOM:House1Block"
    },
    "bulletModel": "Default",
    "customBulletModelTexture": "",
    "onBulletHitsBlock": {
      "name": "BombProjectileHitsBlock"
    }
  }
}