{
  "_fv": 33,
  "_type": "gui",
  "definition": {
    "type": 0,
    "width": 176,
    "height": 166,
    "inventoryOffsetX": 0,
    "inventoryOffsetY": 0,
    "renderBgLayer": true,
    "doesPauseGame": false,
    "components": [
      {
        "type": "label",
        "data": {
          "text": "x : <VAR:integer:rank_overlay_x>",
          "color": {
            "value": -3407872,
            "falpha": 0.0
          },
          "name": "x : <VAR:integer:rank_overlay_x>",
          "x": 132,
          "y": 53
        }
      },
      {
        "type": "textfield",
        "data": {
          "placeholder": "",
          "width": 90,
          "height": 20,
          "name": "inputX",
          "x": 132,
          "y": 71
        }
      },
      {
        "type": "label",
        "data": {
          "text": "y : <VAR:integer:rank_overlay_y>",
          "color": {
            "value": -3407872,
            "falpha": 0.0
          },
          "name": "y : <VAR:integer:rank_overlay_y>",
          "x": 132,
          "y": 98
        }
      },
      {
        "type": "textfield",
        "data": {
          "placeholder": "",
          "width": 90,
          "height": 20,
          "name": "inputY",
          "x": 132,
          "y": 116
        }
      },
      {
        "type": "button",
        "data": {
          "text": "Set X",
          "onClick": {
            "name": "SetXProcedures"
          },
          "width": 45,
          "height": 20,
          "name": "Set X",
          "x": 231,
          "y": 71
        }
      },
      {
        "type": "button",
        "data": {
          "text": "Set Y",
          "onClick": {
            "name": "SetYProcedures"
          },
          "width": 45,
          "height": 20,
          "name": "Set Y",
          "x": 231,
          "y": 116
        }
      },
      {
        "type": "button",
        "data": {
          "text": "Test",
          "onClick": {
            "name": "RankWonXpOverlayTestBtn"
          },
          "width": 54,
          "height": 20,
          "name": "Test",
          "x": 186,
          "y": 170
        }
      }
    ],
    "gridSettings": {
      "sx": 18,
      "sy": 18,
      "ox": 11,
      "oy": 15,
      "snapOnGrid": true
    }
  }
}