{
  "_fv": 33,
  "_type": "recipe",
  "definition": {
    "recipeType": "Crafting",
    "xpReward": 0.0,
    "cookingTime": 200,
    "recipeRetstackSize": 1,
    "group": "",
    "recipeShapeless": false,
    "recipeSlots": [
      {
        "value": ""
      },
      {
        "value": ""
      },
      {
        "value": ""
      },
      {
        "value": "CUSTOM:EriniumObsidian"
      },
      {
        "value": "CUSTOM:GemCredit"
      },
      {
        "value": "CUSTOM:EriniumObsidian"
      },
      {
        "value": "CUSTOM:EriniumObsidian"
      },
      {
        "value": "CUSTOM:EriniumObsidian"
      },
      {
        "value": "CUSTOM:EriniumObsidian"
      }
    ],
    "recipeReturnStack": {
      "value": "CUSTOM:MagicStonesCredit"
    },
    "name": "craft_magic_stones_credit",
    "namespace": "mod"
  }
}