{
  "_fv": 33,
  "_type": "tool",
  "definition": {
    "renderType": 0,
    "texture": "duplicate_pickaxe",
    "customModelName": "Normal",
    "name": "§4Smelting Pickaxe",
    "specialInfo": [
      "§aFortune Tier : §c<var>"
    ],
    "creativeTab": {
      "value": "CUSTOM:EriniumTools"
    },
    "toolType": "Pickaxe",
    "harvestLevel": 5,
    "efficiency": 15.0,
    "attackSpeed": 1.0,
    "enchantability": 30,
    "damageVsEntity": 4.0,
    "usageCount": 4000,
    "blocksAffected": [],
    "hasGlow": false,
    "repairItems": [],
    "immuneToFire": false,
    "stayInGridWhenCrafting": false,
    "damageOnCrafting": false,
    "onBlockDestroyedWithTool": {
      "name": "BreakBlock"
    }
  }
}