{
  "_fv": 33,
  "_type": "block",
  "definition": {
    "texture": "leaves_custom",
    "textureTop": "leaves_custom",
    "textureLeft": "leaves_custom",
    "textureFront": "leaves_custom",
    "textureRight": "leaves_custom",
    "textureBack": "leaves_custom",
    "renderType": 14,
    "customModelName": "Grass block",
    "rotationMode": 0,
    "enablePitch": false,
    "emissiveRendering": false,
    "displayFluidOverlay": false,
    "itemTexture": "",
    "particleTexture": "leaves_custom",
    "tintType": "Grass",
    "isItemTinted": true,
    "hasTransparency": true,
    "connectedSides": false,
    "transparencyType": "CUTOUT_MIPPED",
    "disableOffset": false,
    "boundingBoxes": [
      {
        "mx": 0.0,
        "my": 0.0,
        "mz": 0.0,
        "Mx": 16.0,
        "My": 16.0,
        "Mz": 16.0,
        "subtract": false
      }
    ],
    "name": "Erinium Bush",
    "specialInfo": [],
    "hardness": 0.8,
    "resistance": 1.0,
    "hasGravity": false,
    "isWaterloggable": false,
    "creativeTab": {
      "value": "BUILDING_BLOCKS"
    },
    "destroyTool": "Not specified",
    "customDrop": {
      "value": "Blocks.AIR"
    },
    "dropAmount": 1,
    "useLootTableForDrops": false,
    "requiresCorrectTool": false,
    "enchantPowerBonus": 0.0,
    "plantsGrowOn": false,
    "canRedstoneConnect": false,
    "lightOpacity": 0,
    "material": {
      "value": "LEAVES"
    },
    "tickRate": 0,
    "tickRandomly": false,
    "isReplaceable": false,
    "canProvidePower": false,
    "emittedRedstonePower": {
      "fixedValue": 15.0
    },
    "colorOnMap": "DEFAULT",
    "creativePickItem": {
      "value": ""
    },
    "offsetType": "NONE",
    "aiPathNodeType": "DEFAULT",
    "flammability": 0,
    "fireSpreadSpeed": 0,
    "isLadder": false,
    "slipperiness": 0.6,
    "speedFactor": 0.5,
    "jumpFactor": 1.0,
    "reactionToPushing": "NORMAL",
    "isNotColidable": true,
    "isCustomSoundType": false,
    "soundOnStep": {
      "value": "PLANT"
    },
    "breakSound": {
      "value": ""
    },
    "fallSound": {
      "value": ""
    },
    "hitSound": {
      "value": ""
    },
    "placeSound": {
      "value": ""
    },
    "stepSound": {
      "value": ""
    },
    "luminance": 0,
    "unbreakable": false,
    "breakHarvestLevel": 0,
    "spawnParticles": false,
    "particleToSpawn": {
      "value": "EXPLOSION_NORMAL"
    },
    "particleSpawningShape": "Spread",
    "particleSpawningRadious": 0.5,
    "particleAmount": 4,
    "hasInventory": false,
    "guiBoundTo": "<NONE>",
    "openGUIOnRightClick": false,
    "inventorySize": 9,
    "inventoryStackSize": 64,
    "inventoryDropWhenDestroyed": true,
    "inventoryComparatorPower": true,
    "inventoryOutSlotIDs": [],
    "inventoryInSlotIDs": [],
    "hasEnergyStorage": false,
    "energyInitial": 0,
    "energyCapacity": 400000,
    "energyMaxReceive": 200,
    "energyMaxExtract": 200,
    "isFluidTank": false,
    "fluidCapacity": 8000,
    "fluidRestrictions": [],
    "spawnWorldTypes": [
      "Surface"
    ],
    "restrictionBiomes": [
      {
        "value": "CUSTOM:MagicalForest"
      }
    ],
    "blocksToReplace": [
      {
        "value": "Blocks.AIR"
      }
    ],
    "generationShape": "UNIFORM",
    "frequencyPerChunks": 32,
    "frequencyOnChunk": 20,
    "minGenerateHeight": 62,
    "maxGenerateHeight": 255,
    "generateCondition": {
      "name": "EriniumBushAdditionalGenerationCondition"
    }
  }
}