{
  "_fv": 33,
  "_type": "tool",
  "definition": {
    "renderType": 0,
    "texture": "erinium_sword",
    "customModelName": "Normal",
    "name": "§1Erinium Sword",
    "specialInfo": [],
    "creativeTab": {
      "value": "CUSTOM:EriniumTools"
    },
    "toolType": "Sword",
    "harvestLevel": 4,
    "efficiency": 12.0,
    "attackSpeed": 100.0,
    "enchantability": 50,
    "damageVsEntity": 8.5,
    "usageCount": 2000,
    "blocksAffected": [],
    "hasGlow": false,
    "repairItems": [
      {
        "value": "CUSTOM:EriniumIngot"
      }
    ],
    "immuneToFire": false,
    "stayInGridWhenCrafting": false,
    "damageOnCrafting": false
  }
}