{
  "_fv": 33,
  "_type": "gui",
  "definition": {
    "type": 1,
    "width": 395,
    "height": 220,
    "inventoryOffsetX": -5,
    "inventoryOffsetY": 38,
    "renderBgLayer": false,
    "doesPauseGame": false,
    "components": [
      {
        "type": "image",
        "data": {
          "image": "fusion_station_alpha.png",
          "use1Xscale": false,
          "name": "fusion_station_alpha.png",
          "x": 0,
          "y": 0
        }
      },
      {
        "type": "inputslot",
        "data": {
          "inputLimit": {
            "value": ""
          },
          "color": {
            "value": -16711936,
            "falpha": 0.0
          },
          "id": 0,
          "disableStackInteraction": false,
          "dropItemsWhenNotBound": true,
          "name": "Slot #0",
          "x": 135,
          "y": 117
        }
      },
      {
        "type": "inputslot",
        "data": {
          "inputLimit": {
            "value": ""
          },
          "color": {
            "value": -3368704,
            "falpha": 0.0
          },
          "id": 1,
          "disableStackInteraction": false,
          "dropItemsWhenNotBound": true,
          "name": "Slot #1",
          "x": 162,
          "y": 117
        }
      },
      {
        "type": "image",
        "data": {
          "image": "barre_180_x_18_rempli.png",
          "use1Xscale": true,
          "displayCondition": {
            "name": "ConditionShowBarFill"
          },
          "name": "barre_180_x_18_rempli.png",
          "x": 189,
          "y": 122
        }
      },
      {
        "type": "outputslot",
        "data": {
          "color": {
            "value": -3407872,
            "falpha": 0.0
          },
          "id": 2,
          "disableStackInteraction": false,
          "dropItemsWhenNotBound": true,
          "name": "Slot #2",
          "x": 288,
          "y": 117
        }
      },
      {
        "type": "button",
        "data": {
          "text": "Wiki",
          "onClick": {
            "name": "OpenAlphaWiki"
          },
          "width": 54,
          "height": 20,
          "name": "Wiki",
          "x": 297,
          "y": 171
        }
      }
    ],
    "gridSettings": {
      "sx": 18,
      "sy": 18,
      "ox": 17,
      "oy": 17,
      "snapOnGrid": true
    }
  }
}