{
  "_fv": 33,
  "_type": "structure",
  "definition": {
    "structure": "jungle_long_tree_2",
    "randomlyRotateStructure": true,
    "surfaceDetectionType": "First block",
    "spawnProbability": 10000,
    "minCountPerChunk": 1,
    "maxCountPerChunk": 6,
    "spawnLocation": "Ground",
    "spawnHeightOffset": 1,
    "spawnXOffset": 0,
    "spawnZOffset": 0,
    "spawnWorldTypes": [
      "Surface"
    ],
    "restrictionBlocks": [
      {
        "value": "Blocks.GRASS"
      },
      {
        "value": "Blocks.DIRT#0"
      }
    ],
    "restrictionBiomes": [
      {
        "value": "CUSTOM:MagicalForest"
      }
    ],
    "ignoreBlocks": "AIR_AND_STRUCTURE_BLOCK"
  }
}