{
  "_fv": 33,
  "_type": "item",
  "definition": {
    "renderType": 0,
    "texture": "magic_stones_xp",
    "customModelName": "Normal",
    "name": "§l§oMagic Stones §2§l§oXp",
    "rarity": "EPIC",
    "creativeTab": {
      "value": "CUSTOM:EriniumItems"
    },
    "stackSize": 1,
    "enchantability": 0,
    "useDuration": 0,
    "toolType": 1.0,
    "damageCount": 0,
    "recipeRemainder": {
      "value": ""
    },
    "destroyAnyBlock": false,
    "immuneToFire": false,
    "stayInGridWhenCrafting": false,
    "damageOnCrafting": false,
    "enableMeleeDamage": false,
    "damageVsEntity": 0.0,
    "specialInfo": [
      "The lore"
    ],
    "hasGlow": true,
    "glowCondition": {
      "name": "MagicStonesGlowing"
    },
    "guiBoundTo": "<NONE>",
    "inventorySize": 9,
    "inventoryStackSize": 64,
    "onRightClickedInAir": {
      "name": "StonesXpRightClick"
    },
    "onRightClickedOnBlock": {
      "name": "StonesXpRightClick"
    },
    "onItemInInventoryTick": {
      "name": "MagicStonesInventoryTick"
    },
    "isFood": false,
    "nutritionalValue": 4,
    "saturation": 0.3,
    "eatResultItem": {
      "value": ""
    },
    "isMeat": false,
    "isAlwaysEdible": false,
    "animation": "none"
  }
}