{
  "_fv": 33,
  "_type": "rangeditem",
  "definition": {
    "renderType": 0,
    "texture": "magical_wand",
    "customModelName": "Normal",
    "name": "Magical Wand",
    "specialInfo": [],
    "creativeTab": {
      "value": "No creative tab entry"
    },
    "stackSize": 1,
    "ammoItem": {
      "value": "CUSTOM:MagicOrb"
    },
    "shootConstantly": false,
    "usageCount": 1000,
    "actionSound": {
      "value": ""
    },
    "hasGlow": false,
    "animation": "none",
    "enableMeleeDamage": false,
    "damageVsEntity": 0.0,
    "onRangedItemUsed": {
      "name": "MagicalWandRangedItemUsed"
    },
    "bulletPower": 1.0,
    "bulletDamage": 0.0,
    "bulletKnockback": 0,
    "bulletParticles": false,
    "bulletIgnitesFire": false,
    "bulletItemTexture": {
      "value": "CUSTOM:MagicOrb"
    },
    "bulletModel": "Default",
    "customBulletModelTexture": "",
    "onBulletHitsPlayer": {
      "name": "MagicalWandProjectileHitsPlayer"
    },
    "onBulletHitsEntity": {
      "name": "MagicalWandProjectileHitsPlayer"
    }
  }
}