{
  "_fv": 33,
  "_type": "procedure",
  "definition": {
    "procedurexml": "<xml xmlns=\"https://developers.google.com/blockly/xml\"><block type=\"event_trigger\" deletable=\"false\" x=\"40\" y=\"40\"><field name=\"trigger\">no_ext_trigger</field><next><block type=\"entity_close_gui\"><value name=\"entity\"><block type=\"entity_from_deps\"></block></value><next><block type=\"execute_command\"><value name=\"command\"><block type=\"text\"><field name=\"TEXT\">tellraw @p {\"text\":\"§4&gt; Fusion Station Wiki &lt;\",\"clickEvent\":{\"action\":\"open_url\",\"value\":\"https://jlskyzer-home.netlify.app/wiki/fusion_station/alpha.html\"}}</field></block></value><value name=\"x\"><block type=\"coord_x\"></block></value><value name=\"y\"><block type=\"coord_y\"></block></value><value name=\"z\"><block type=\"coord_z\"></block></value></block></next></block></next></block><block type=\"execute_command\" x=\"412\" y=\"68\"><value name=\"command\"><block type=\"text\"><field name=\"TEXT\">tellraw @p {\"text\":\"§4&gt; Fusion Station Wiki (EN) &lt;\",\"clickEvent\":{\"action\":\"open_url\",\"value\":\"Soon !\"}}</field></block></value><value name=\"x\"><block type=\"coord_x\"></block></value><value name=\"y\"><block type=\"coord_y\"></block></value><value name=\"z\"><block type=\"coord_z\"></block></value></block></xml>"
  }
}