{
  "_fv": 33,
  "_type": "overlay",
  "definition": {
    "priority": "HIGHEST",
    "components": [
      {
        "type": "image",
        "data": {
          "image": "chest_finder.png",
          "use1Xscale": true,
          "name": "chest_finder.png",
          "x": 2,
          "y": 2
        }
      },
      {
        "type": "label",
        "data": {
          "text": "§c§l<VAR:percent> %",
          "color": {
            "value": -12829636,
            "falpha": 0.0
          },
          "name": "§c§l<VAR:percent> %",
          "x": 21,
          "y": 63
        }
      }
    ],
    "baseTexture": "",
    "overlayTarget": "Ingame",
    "displayCondition": {
      "name": "OverlayChestFinderDisplayOverlayIngame"
    },
    "gridSettings": {
      "sx": 18,
      "sy": 18,
      "ox": 11,
      "oy": 15,
      "snapOnGrid": false
    }
  }
}