{
  "_fv": 33,
  "_type": "gui",
  "definition": {
    "type": 0,
    "width": 395,
    "height": 220,
    "inventoryOffsetX": 0,
    "inventoryOffsetY": 0,
    "renderBgLayer": false,
    "doesPauseGame": false,
    "components": [
      {
        "type": "label",
        "data": {
          "text": "Level : ",
          "color": {
            "value": -1,
            "falpha": 0.0
          },
          "name": "Level : ",
          "x": 171,
          "y": 63
        }
      },
      {
        "type": "label",
        "data": {
          "text": "<VAR:integer:playerLvl>",
          "color": {
            "value": -16724941,
            "falpha": 0.0
          },
          "name": "<VAR:integer:playerLvl>",
          "x": 171,
          "y": 81
        }
      },
      {
        "type": "label",
        "data": {
          "text": "Xp :",
          "color": {
            "value": -1,
            "falpha": 0.0
          },
          "name": "Xp :",
          "x": 171,
          "y": 99
        }
      },
      {
        "type": "label",
        "data": {
          "text": "<VAR:integer:playerXp> / 100.000",
          "color": {
            "value": -6750208,
            "falpha": 0.0
          },
          "name": "<VAR:integer:playerXp> / 100.000",
          "x": 171,
          "y": 117
        }
      },
      {
        "type": "button",
        "data": {
          "text": "§bWiki",
          "onClick": {
            "name": "WikiBtnClick"
          },
          "width": 45,
          "height": 20,
          "name": "§bWiki",
          "x": 171,
          "y": 135
        }
      },
      {
        "type": "image",
        "data": {
          "image": "gui_rank.png",
          "use1Xscale": false,
          "name": "gui_rank.png",
          "x": 0,
          "y": 0
        }
      }
    ],
    "gridSettings": {
      "sx": 18,
      "sy": 18,
      "ox": 17,
      "oy": 17,
      "snapOnGrid": true
    }
  }
}