{
  "_fv": 33,
  "_type": "recipe",
  "definition": {
    "recipeType": "Crafting",
    "xpReward": 0.0,
    "cookingTime": 200,
    "recipeRetstackSize": 4,
    "group": "",
    "recipeShapeless": false,
    "recipeSlots": [
      {
        "value": ""
      },
      {
        "value": ""
      },
      {
        "value": ""
      },
      {
        "value": ""
      },
      {
        "value": "Blocks.GLOWSTONE"
      },
      {
        "value": ""
      },
      {
        "value": ""
      },
      {
        "value": "Blocks.STONEBRICK#0"
      },
      {
        "value": "Items.DYE#16"
      }
    ],
    "recipeReturnStack": {
      "value": "CUSTOM:BlackBrick"
    },
    "name": "recipe_black_brick",
    "namespace": "mod"
  }
}