{
  "_fv": 33,
  "_type": "armor",
  "definition": {
    "enableHelmet": true,
    "textureHelmet": "setanum_helmet",
    "enableBody": true,
    "textureBody": "setanum_chestplate",
    "enableLeggings": true,
    "textureLeggings": "setanum_leggings",
    "enableBoots": true,
    "textureBoots": "setanum_boots",
    "onHelmetTick": {
      "name": "SetanumHelmetTickEvent"
    },
    "onBodyTick": {
      "name": "SetanumBodyTickEvent"
    },
    "onLeggingsTick": {
      "name": "SetanumLeggingsTickEvent"
    },
    "onBootsTick": {
      "name": "SetanumBootsTickEvent"
    },
    "creativeTab": {
      "value": "CUSTOM:EriniumArmors"
    },
    "armorTextureFile": "setanum_",
    "helmetName": "Setanum Helmet",
    "bodyName": "Setanum Chestplate",
    "leggingsName": "Setanum Leggings",
    "bootsName": "Setanum Boots",
    "helmetSpecialInfo": [],
    "bodySpecialInfo": [],
    "leggingsSpecialInfo": [],
    "bootsSpecialInfo": [],
    "helmetModelName": "Default",
    "helmetModelPart": "Helmet",
    "helmetModelTexture": "From armor",
    "bodyModelName": "Default",
    "bodyModelPart": "Body",
    "armsModelPartL": "Arms L",
    "armsModelPartR": "Arms R",
    "bodyModelTexture": "From armor",
    "leggingsModelName": "Default",
    "leggingsModelPartL": "Leggings L",
    "leggingsModelPartR": "Leggings R",
    "leggingsModelTexture": "From armor",
    "bootsModelName": "Default",
    "bootsModelPartL": "Boots L",
    "bootsModelPartR": "Boots R",
    "bootsModelTexture": "From armor",
    "helmetImmuneToFire": false,
    "bodyImmuneToFire": false,
    "leggingsImmuneToFire": false,
    "bootsImmuneToFire": false,
    "maxDamage": 39,
    "damageValueHelmet": 8,
    "damageValueBody": 12,
    "damageValueLeggings": 10,
    "damageValueBoots": 8,
    "enchantability": 20,
    "toughness": 5.0,
    "knockbackResistance": 0.19999999999999998,
    "equipSound": {
      "value": ""
    },
    "repairItems": [
      {
        "value": "CUSTOM:SetanumIngot"
      }
    ]
  }
}