{
  "_fv": 28,
  "_type": "block",
  "definition": {
    "texture": "blood_bush_texture",
    "textureTop": "berry_texture",
    "textureLeft": "berry_texture",
    "textureFront": "berry_texture",
    "textureRight": "berry_texture",
    "textureBack": "berry_texture",
    "renderType": 2,
    "customModelName": "blood_bush_layer_0:default",
    "rotationMode": 1,
    "emissiveRendering": false,
    "displayFluidOverlay": false,
    "itemTexture": "",
    "particleTexture": "",
    "tintType": "No tint",
    "isItemTinted": false,
    "hasTransparency": true,
    "connectedSides": false,
    "transparencyType": "TRANSLUCENT",
    "disableOffset": false,
    "boundingBoxes": [
      {
        "mx": 3.0,
        "my": 0.0,
        "mz": 3.0,
        "Mx": 13.0,
        "My": 11.0,
        "Mz": 13.0,
        "subtract": false
      }
    ],
    "name": "Blood bush",
    "specialInfo": [],
    "hardness": 0.1,
    "resistance": 0.1,
    "hasGravity": false,
    "isWaterloggable": true,
    "creativeTab": {
      "value": "DECORATIONS"
    },
    "destroyTool": "Not specified",
    "customDrop": {
      "value": ""
    },
    "dropAmount": 1,
    "useLootTableForDrops": false,
    "enchantPowerBonus": 0.0,
    "plantsGrowOn": false,
    "canRedstoneConnect": false,
    "lightOpacity": 0,
    "material": {
      "value": "LEAVES"
    },
    "tickRate": 2400,
    "tickRandomly": false,
    "isReplaceable": false,
    "canProvidePower": false,
    "emittedRedstonePower": {
      "fixedValue": 15.0
    },
    "colorOnMap": "DEFAULT",
    "creativePickItem": {
      "value": ""
    },
    "offsetType": "NONE",
    "aiPathNodeType": "DEFAULT",
    "flammability": 0,
    "fireSpreadSpeed": 0,
    "isLadder": false,
    "slipperiness": 0.6,
    "speedFactor": 1.0,
    "jumpFactor": 1.0,
    "reactionToPushing": "NORMAL",
    "isNotColidable": false,
    "isCustomSoundType": false,
    "soundOnStep": {
      "value": "PLANT"
    },
    "breakSound": {
      "value": ""
    },
    "fallSound": {
      "value": ""
    },
    "hitSound": {
      "value": ""
    },
    "placeSound": {
      "value": ""
    },
    "stepSound": {
      "value": ""
    },
    "luminance": 0,
    "unbreakable": false,
    "breakHarvestLevel": 1,
    "spawnParticles": false,
    "particleToSpawn": {
      "value": "EXPLOSION_NORMAL"
    },
    "particleSpawningShape": "Spread",
    "particleSpawningRadious": 0.5,
    "particleAmount": 4,
    "hasInventory": false,
    "guiBoundTo": "<NONE>",
    "openGUIOnRightClick": false,
    "inventorySize": 9,
    "inventoryStackSize": 64,
    "inventoryDropWhenDestroyed": true,
    "inventoryComparatorPower": true,
    "inventoryOutSlotIDs": [],
    "inventoryInSlotIDs": [],
    "hasEnergyStorage": false,
    "energyInitial": 0,
    "energyCapacity": 400000,
    "energyMaxReceive": 200,
    "energyMaxExtract": 200,
    "isFluidTank": false,
    "fluidCapacity": 8000,
    "fluidRestrictions": [],
    "onNeighbourBlockChanges": {
      "name": "BushNeighbourBlockChanges"
    },
    "onTickUpdate": {
      "name": "BushLayer0Tick"
    },
    "onEntityCollides": {
      "name": "BushCollidesBlock"
    },
    "onEntityWalksOn": {
      "name": "BushCollidesBlock"
    },
    "onBlockPlayedBy": {
      "name": "BushBlockIsPlacedBy"
    },
    "spawnWorldTypes": [],
    "restrictionBiomes": [],
    "blocksToReplace": [],
    "generationShape": "UNIFORM",
    "frequencyPerChunks": 10,
    "frequencyOnChunk": 16,
    "minGenerateHeight": 0,
    "maxGenerateHeight": 64
  }
}