{
  "_fv": 28,
  "_type": "recipe",
  "definition": {
    "recipeType": "Crafting",
    "xpReward": 0.0,
    "cookingTime": 200,
    "recipeRetstackSize": 1,
    "group": "",
    "recipeShapeless": false,
    "recipeSlots": [
      {
        "value": ""
      },
      {
        "value": "Blocks.STAINED_GLASS#11"
      },
      {
        "value": ""
      },
      {
        "value": "Blocks.STAINED_GLASS#11"
      },
      {
        "value": "Items.NETHER_STAR"
      },
      {
        "value": "Blocks.STAINED_GLASS#11"
      },
      {
        "value": "Blocks.IRON_BLOCK"
      },
      {
        "value": "Blocks.IRON_BLOCK"
      },
      {
        "value": "Blocks.IRON_BLOCK"
      }
    ],
    "recipeReturnStack": {
      "value": "CUSTOM:FusionStationAlpha"
    },
    "name": "craft_fusion_station_alpha",
    "namespace": "mod"
  }
}