{
  "_fv": 28,
  "_type": "recipe",
  "definition": {
    "recipeType": "Crafting",
    "xpReward": 0.0,
    "cookingTime": 200,
    "recipeRetstackSize": 3,
    "group": "",
    "recipeShapeless": false,
    "recipeSlots": [
      {
        "value": "CUSTOM:SciningGlassFragment"
      },
      {
        "value": "Blocks.PLANKS"
      },
      {
        "value": "CUSTOM:SciningGlassFragment"
      },
      {
        "value": "CUSTOM:SciningGlassFragment"
      },
      {
        "value": ""
      },
      {
        "value": "CUSTOM:SciningGlassFragment"
      },
      {
        "value": "CUSTOM:SciningGlassFragment"
      },
      {
        "value": "CUSTOM:SciningGlassFragment"
      },
      {
        "value": "CUSTOM:SciningGlassFragment"
      }
    ],
    "recipeReturnStack": {
      "value": "CUSTOM:EmptyBottle"
    },
    "name": "craft_bottle_2",
    "namespace": "mod"
  }
}