{
  "_fv": 28,
  "_type": "recipe",
  "definition": {
    "recipeType": "Crafting",
    "xpReward": 0.0,
    "cookingTime": 200,
    "recipeRetstackSize": 1,
    "group": "",
    "recipeShapeless": false,
    "recipeSlots": [
      {
        "value": "Blocks.IRON_BLOCK"
      },
      {
        "value": "Items.ENDER_PEARL"
      },
      {
        "value": "Blocks.IRON_BLOCK"
      },
      {
        "value": "Items.ENDER_PEARL"
      },
      {
        "value": "Items.NETHER_STAR"
      },
      {
        "value": "Items.ENDER_PEARL"
      },
      {
        "value": "Blocks.IRON_BLOCK"
      },
      {
        "value": "Items.ENDER_PEARL"
      },
      {
        "value": "Blocks.IRON_BLOCK"
      }
    ],
    "recipeReturnStack": {
      "value": "CUSTOM:EggFactory"
    },
    "name": "craft_egg_factory",
    "namespace": "mod"
  }
}