{
  "_fv": 28,
  "_type": "recipe",
  "definition": {
    "recipeType": "Crafting",
    "xpReward": 0.0,
    "cookingTime": 200,
    "recipeRetstackSize": 1,
    "group": "",
    "recipeShapeless": false,
    "recipeSlots": [
      {
        "value": "CUSTOM:Rubber"
      },
      {
        "value": "CUSTOM:Rubber"
      },
      {
        "value": "CUSTOM:Rubber"
      },
      {
        "value": "CUSTOM:SilverIngot"
      },
      {
        "value": "CUSTOM:CopperIngot"
      },
      {
        "value": "CUSTOM:SilverIngot"
      },
      {
        "value": "CUSTOM:Rubber"
      },
      {
        "value": "CUSTOM:Rubber"
      },
      {
        "value": "CUSTOM:Rubber"
      }
    ],
    "recipeReturnStack": {
      "value": "CUSTOM:WiringKit"
    },
    "name": "craft_wiring_kit",
    "namespace": "mod"
  }
}