{
  "_fv": 28,
  "_type": "recipe",
  "definition": {
    "recipeType": "Crafting",
    "xpReward": 0.0,
    "cookingTime": 200,
    "recipeRetstackSize": 1,
    "group": "",
    "recipeShapeless": false,
    "recipeSlots": [
      {
        "value": "Blocks.IRON_BLOCK"
      },
      {
        "value": "Blocks.REDSTONE_BLOCK"
      },
      {
        "value": "Blocks.IRON_BLOCK"
      },
      {
        "value": "Blocks.LOG"
      },
      {
        "value": "Blocks.BED"
      },
      {
        "value": "Blocks.LOG"
      },
      {
        "value": "Blocks.LOG"
      },
      {
        "value": "Blocks.LOG"
      },
      {
        "value": "Blocks.LOG"
      }
    ],
    "recipeReturnStack": {
      "value": "CUSTOM:BlockSetter"
    },
    "name": "craft_block_setter",
    "namespace": "mod"
  }
}