{
  "_fv": 28,
  "_type": "recipe",
  "definition": {
    "recipeType": "Crafting",
    "xpReward": 0.0,
    "cookingTime": 200,
    "recipeRetstackSize": 1,
    "group": "",
    "recipeShapeless": false,
    "recipeSlots": [
      {
        "value": "CUSTOM:EriniumStick"
      },
      {
        "value": "CUSTOM:EriniumIngot"
      },
      {
        "value": "CUSTOM:EriniumStick"
      },
      {
        "value": "CUSTOM:EriniumIngot"
      },
      {
        "value": "Blocks.GOLD_BLOCK"
      },
      {
        "value": "CUSTOM:EriniumIngot"
      },
      {
        "value": "CUSTOM:EriniumStick"
      },
      {
        "value": "CUSTOM:EriniumIngot"
      },
      {
        "value": "CUSTOM:EriniumStick"
      }
    ],
    "recipeReturnStack": {
      "value": "CUSTOM:FortuneModifier"
    },
    "name": "craft_fortune_modifier",
    "namespace": "mod"
  }
}