{
  "_fv": 28,
  "_type": "recipe",
  "definition": {
    "recipeType": "Crafting",
    "xpReward": 0.0,
    "cookingTime": 200,
    "recipeRetstackSize": 1,
    "group": "",
    "recipeShapeless": false,
    "recipeSlots": [
      {
        "value": "CUSTOM:LeadIngot"
      },
      {
        "value": "CUSTOM:LeadIngot"
      },
      {
        "value": "CUSTOM:LeadIngot"
      },
      {
        "value": "CUSTOM:LeadIngot"
      },
      {
        "value": "Blocks.GOLD_BLOCK"
      },
      {
        "value": "CUSTOM:LeadIngot"
      },
      {
        "value": "CUSTOM:LeadIngot"
      },
      {
        "value": "Items.EMERALD"
      },
      {
        "value": "CUSTOM:LeadIngot"
      }
    ],
    "recipeReturnStack": {
      "value": "CUSTOM:ClassicLootbox"
    },
    "name": "craft_classic_loot_box",
    "namespace": "mod"
  }
}