{
  "_fv": 28,
  "_type": "gui",
  "definition": {
    "type": 1,
    "width": 395,
    "height": 220,
    "inventoryOffsetX": -5,
    "inventoryOffsetY": 38,
    "renderBgLayer": false,
    "doesPauseGame": false,
    "components": [
      {
        "type": "inputslot",
        "data": {
          "inputLimit": {
            "value": ""
          },
          "color": {
            "value": -16711885,
            "falpha": 0.0
          },
          "id": 0,
          "disableStackInteraction": false,
          "dropItemsWhenNotBound": true,
          "name": "Slot #0",
          "x": 198,
          "y": 99
        }
      },
      {
        "type": "inputslot",
        "data": {
          "inputLimit": {
            "value": ""
          },
          "color": {
            "value": -13434880,
            "falpha": 0.0
          },
          "id": 1,
          "disableStackInteraction": false,
          "dropItemsWhenNotBound": true,
          "name": "Slot #1",
          "x": 198,
          "y": 63
        }
      },
      {
        "type": "inputslot",
        "data": {
          "inputLimit": {
            "value": ""
          },
          "color": {
            "value": -13434880,
            "falpha": 0.0
          },
          "id": 2,
          "disableStackInteraction": false,
          "dropItemsWhenNotBound": true,
          "name": "Slot #2",
          "x": 234,
          "y": 99
        }
      },
      {
        "type": "inputslot",
        "data": {
          "inputLimit": {
            "value": ""
          },
          "color": {
            "value": -13434880,
            "falpha": 0.0
          },
          "id": 3,
          "disableStackInteraction": false,
          "dropItemsWhenNotBound": true,
          "name": "Slot #3",
          "x": 198,
          "y": 135
        }
      },
      {
        "type": "inputslot",
        "data": {
          "inputLimit": {
            "value": ""
          },
          "color": {
            "value": -13434880,
            "falpha": 0.0
          },
          "id": 4,
          "disableStackInteraction": false,
          "dropItemsWhenNotBound": true,
          "name": "Slot #4",
          "x": 162,
          "y": 99
        }
      },
      {
        "type": "inputslot",
        "data": {
          "inputLimit": {
            "value": ""
          },
          "color": {
            "value": -3381760,
            "falpha": 0.0
          },
          "id": 5,
          "disableStackInteraction": false,
          "dropItemsWhenNotBound": true,
          "name": "Slot #5",
          "x": 171,
          "y": 72
        }
      },
      {
        "type": "inputslot",
        "data": {
          "inputLimit": {
            "value": ""
          },
          "color": {
            "value": -3381760,
            "falpha": 0.0
          },
          "id": 6,
          "disableStackInteraction": false,
          "dropItemsWhenNotBound": true,
          "name": "Slot #6",
          "x": 225,
          "y": 72
        }
      },
      {
        "type": "inputslot",
        "data": {
          "inputLimit": {
            "value": ""
          },
          "color": {
            "value": -3381760,
            "falpha": 0.0
          },
          "id": 7,
          "disableStackInteraction": false,
          "dropItemsWhenNotBound": true,
          "name": "Slot #7",
          "x": 225,
          "y": 126
        }
      },
      {
        "type": "inputslot",
        "data": {
          "inputLimit": {
            "value": ""
          },
          "color": {
            "value": -3381760,
            "falpha": 0.0
          },
          "id": 8,
          "disableStackInteraction": false,
          "dropItemsWhenNotBound": true,
          "name": "Slot #8",
          "x": 171,
          "y": 126
        }
      },
      {
        "type": "outputslot",
        "data": {
          "color": {
            "value": -16724788,
            "falpha": 0.0
          },
          "id": 9,
          "disableStackInteraction": false,
          "dropItemsWhenNotBound": true,
          "name": "Slot #9",
          "x": 324,
          "y": 99
        }
      },
      {
        "type": "button",
        "data": {
          "text": "Fusion",
          "onClick": {
            "name": "EggFactoryFusionBtn"
          },
          "width": 54,
          "height": 20,
          "name": "Fusion",
          "x": 261,
          "y": 99
        }
      },
      {
        "type": "image",
        "data": {
          "image": "egg_factory.png",
          "use1Xscale": false,
          "name": "egg_factory.png",
          "x": 0,
          "y": 0
        }
      },
      {
        "type": "label",
        "data": {
          "text": "<BNBT:text:error>",
          "color": {
            "value": -1,
            "falpha": 0.0
          },
          "name": "<BNBT:text:error>",
          "x": 27,
          "y": 63
        }
      },
      {
        "type": "button",
        "data": {
          "text": "Wiki",
          "onClick": {
            "name": "EggFactoryWikiBtn"
          },
          "width": 36,
          "height": 20,
          "name": "Wiki",
          "x": 45,
          "y": 99
        }
      }
    ],
    "gridSettings": {
      "sx": 18,
      "sy": 18,
      "ox": 17,
      "oy": 17,
      "snapOnGrid": true
    }
  }
}