{
  "_fv": 28,
  "_type": "tool",
  "definition": {
    "renderType": 0,
    "texture": "erinium_pickaxe",
    "customModelName": "Normal",
    "name": "§1Erinium Pickaxe",
    "specialInfo": [],
    "creativeTab": {
      "value": "CUSTOM:EriniumTab"
    },
    "toolType": "Pickaxe",
    "harvestLevel": 4,
    "efficiency": 14.0,
    "attackSpeed": 1.0,
    "enchantability": 30,
    "damageVsEntity": 4.0,
    "usageCount": 2000,
    "blocksAffected": [],
    "hasGlow": false,
    "repairItems": [
      {
        "value": "CUSTOM:EriniumIngot"
      }
    ],
    "immuneToFire": false,
    "stayInGridWhenCrafting": false,
    "damageOnCrafting": false
  }
}