{
  "_fv": 28,
  "_type": "tag",
  "definition": {
    "type": "Items",
    "items": [
      {
        "value": "CUSTOM:EriniumIngot"
      },
      {
        "value": "CUSTOM:CopperIngot"
      },
      {
        "value": "CUSTOM:LeadIngot"
      },
      {
        "value": "CUSTOM:SilverIngot"
      },
      {
        "value": "CUSTOM:SetanumIngot"
      },
      {
        "value": "Items.IRON_INGOT"
      },
      {
        "value": "Items.GOLD_INGOT"
      },
      {
        "value": "Items.NETHERITE_INGOT"
      }
    ],
    "blocks": [],
    "functions": [],
    "entities": [],
    "name": "ingots",
    "namespace": "forge"
  }
}