{
  "_fv": 28,
  "_type": "tool",
  "definition": {
    "renderType": 0,
    "texture": "couteau",
    "customModelName": "Normal",
    "name": "Knife",
    "specialInfo": [],
    "creativeTab": {
      "value": "TOOLS"
    },
    "toolType": "Sword",
    "harvestLevel": 1,
    "efficiency": 1.0,
    "attackSpeed": 5.0,
    "enchantability": 0,
    "damageVsEntity": 5.0,
    "usageCount": 120,
    "blocksAffected": [],
    "hasGlow": false,
    "repairItems": [],
    "immuneToFire": false,
    "stayInGridWhenCrafting": true,
    "damageOnCrafting": true
  }
}