{
  "_fv": 28,
  "_type": "rangeditem",
  "definition": {
    "renderType": 0,
    "texture": "magic_wand_cobweb",
    "customModelName": "Normal",
    "name": "Magic Wand Cobweb",
    "specialInfo": [],
    "creativeTab": {
      "value": "COMBAT"
    },
    "stackSize": 1,
    "ammoItem": {
      "value": "CUSTOM:MagicOrb"
    },
    "shootConstantly": false,
    "usageCount": 100,
    "actionSound": {
      "value": "entity.arrow.shoot"
    },
    "hasGlow": false,
    "animation": "bow",
    "enableMeleeDamage": false,
    "damageVsEntity": 0.0,
    "bulletPower": 6.0,
    "bulletDamage": 0.0,
    "bulletKnockback": 0,
    "bulletParticles": true,
    "bulletIgnitesFire": false,
    "bulletItemTexture": {
      "value": "CUSTOM:MagicOrb"
    },
    "bulletModel": "Default",
    "customBulletModelTexture": "",
    "onBulletHitsPlayer": {
      "name": "MagicWandCobwebProjectileHitsPlayer"
    },
    "onBulletHitsEntity": {
      "name": "MagicWandCobwebProjectileHitsPlayer"
    }
  }
}