{
  "_fv": 28,
  "_type": "procedure",
  "definition": {
    "procedurexml": "<xml xmlns=\"https://developers.google.com/blockly/xml\"><block type=\"event_trigger\" deletable=\"false\" x=\"40\" y=\"40\"><field name=\"trigger\">player_log_in</field><next><block type=\"entity_send_chat\"><value name=\"text\"><block type=\"text\"><field name=\"TEXT\">§1===== §6Bienvenue sur Erinium §1=====</field></block></value><value name=\"entity\"><block type=\"entity_from_deps\"></block></value><value name=\"actbar\"><block type=\"logic_boolean\"><field name=\"BOOL\">FALSE</field></block></value><next><block type=\"entity_send_chat\"><value name=\"text\"><block type=\"text\"><field name=\"TEXT\">§4[§bErinium§4] §eFaite la commande §a/serverlanguage §epour changer la langue du serveur !</field></block></value><value name=\"entity\"><block type=\"entity_from_deps\"></block></value><value name=\"actbar\"><block type=\"logic_boolean\"><field name=\"BOOL\">FALSE</field></block></value><next><block type=\"entity_send_chat\"><value name=\"text\"><block type=\"text\"><field name=\"TEXT\">§4[§bErinium§4] §eFaite la commande §a/rank §epour en savoir plus sur le système de niveau !</field></block></value><value name=\"entity\"><block type=\"entity_from_deps\"></block></value><value name=\"actbar\"><block type=\"logic_boolean\"><field name=\"BOOL\">FALSE</field></block></value><next><block type=\"entity_send_chat\"><value name=\"text\"><block type=\"text\"><field name=\"TEXT\">§4[§bErinium§4] §eFaite la commande §a/wiki §epour voir le wiki du mods (très important !)</field></block></value><value name=\"entity\"><block type=\"entity_from_deps\"></block></value><value name=\"actbar\"><block type=\"logic_boolean\"><field name=\"BOOL\">FALSE</field></block></value><next><block type=\"entity_send_chat\"><value name=\"text\"><block type=\"text\"><field name=\"TEXT\">§bLe mod a été créé avec le logiciel MCreator, en raison de changement de version tous les signes pour changer de couleur ou les caractères spéciaux ont été modifiés par des caractères étranges, si vous en trouvez, aller le report sur le github ! Et préciser ce que vous avez fait si c'est un message sur le tchat. Merci ! Et bon jeu</field></block></value><value name=\"entity\"><block type=\"entity_from_deps\"></block></value><value name=\"actbar\"><block type=\"logic_boolean\"><field name=\"BOOL\">FALSE</field></block></value><next><block type=\"entity_send_chat\"><value name=\"text\"><block type=\"text\"><field name=\"TEXT\">§4The mod was created with the MCreator software, due to version change all the signs to change color or the special characters have been modified by strange characters, if you find any, go to the report on the github! and specify what you did if it's a chat message. Thanks ! and good game</field></block></value><value name=\"entity\"><block type=\"entity_from_deps\"></block></value><value name=\"actbar\"><block type=\"logic_boolean\"><field name=\"BOOL\">FALSE</field></block></value><next><block type=\"execute_command\"><value name=\"command\"><block type=\"text\"><field name=\"TEXT\">tellraw @p {\"text\":\"§1Github\",\"clickEvent\":{\"action\":\"open_url\",\"value\":\"https://github.com/JLSkyzer/erinium\"}}</field></block></value><value name=\"x\"><block type=\"coord_x\"></block></value><value name=\"y\"><block type=\"coord_y\"></block></value><value name=\"z\"><block type=\"coord_z\"></block></value></block></next></block></next></block></next></block></next></block></next></block></next></block></next></block></xml>"
  }
}