{
  "_fv": 28,
  "_type": "biome",
  "definition": {
    "name": "Scining Biome",
    "groundBlock": {
      "value": "CUSTOM:SciningSand"
    },
    "undergroundBlock": {
      "value": "CUSTOM:SciningSandstone"
    },
    "airColor": {
      "value": -8212020,
      "falpha": 0.0
    },
    "grassColor": {
      "value": -13597517,
      "falpha": 0.0
    },
    "foliageColor": {
      "value": -13597517,
      "falpha": 0.0
    },
    "waterColor": {
      "value": -15379852,
      "falpha": 0.0
    },
    "waterFogColor": {
      "value": -11501670,
      "falpha": 0.0
    },
    "ambientSound": {
      "value": ""
    },
    "additionsSound": {
      "value": ""
    },
    "music": {
      "value": ""
    },
    "moodSound": {
      "value": ""
    },
    "moodSoundDelay": 6000,
    "spawnParticles": false,
    "particleToSpawn": {
      "value": "EXPLOSION_NORMAL"
    },
    "particlesProbability": 0.5,
    "biomeCategory": "DESERT",
    "rainingPossibility": 0.01,
    "temperature": 1.25,
    "baseHeight": 0.1,
    "heightVariation": 0.2,
    "spawnBiome": true,
    "spawnBiomeNether": false,
    "spawnInCaves": false,
    "biomeWeight": 16,
    "biomeDictionaryTypes": [
      "MESA",
      "PLAINS",
      "SANDY",
      "BEACH"
    ],
    "grassPerChunk": 0,
    "seagrassPerChunk": 0,
    "flowersPerChunk": 0,
    "mushroomsPerChunk": 0,
    "bigMushroomsChunk": 0,
    "sandPatchesPerChunk": 0,
    "gravelPatchesPerChunk": 0,
    "reedsPerChunk": 0,
    "cactiPerChunk": 0,
    "treesPerChunk": 4,
    "vanillaTreeType": "Default",
    "treeType": 1,
    "minHeight": 0,
    "treeStem": {
      "value": "Blocks.AIR"
    },
    "treeBranch": {
      "value": "Blocks.AIR"
    },
    "treeVines": {
      "value": "Blocks.AIR"
    },
    "treeFruits": {
      "value": "Blocks.AIR"
    },
    "spawnStronghold": false,
    "spawnMineshaft": false,
    "spawnMineshaftMesa": false,
    "spawnPillagerOutpost": false,
    "villageType": "none",
    "spawnWoodlandMansion": false,
    "spawnJungleTemple": false,
    "spawnDesertPyramid": false,
    "spawnSwampHut": false,
    "spawnIgloo": false,
    "spawnOceanMonument": false,
    "spawnShipwreck": false,
    "spawnShipwreckBeached": false,
    "spawnBuriedTreasure": false,
    "oceanRuinType": "NONE",
    "spawnNetherBridge": false,
    "spawnNetherFossil": false,
    "spawnBastionRemnant": false,
    "spawnEndCity": false,
    "spawnRuinedPortal": "NONE",
    "defaultFeatures": [
      "Caves",
      "Ores",
      "FrozenTopLayer"
    ],
    "spawnEntries": []
  }
}