{
  "_fv": 33,
  "_type": "armor",
  "definition": {
    "enableHelmet": true,
    "textureHelmet": "spacesuit_helmet",
    "enableBody": true,
    "textureBody": "spacesuit_chestplate",
    "enableLeggings": true,
    "textureLeggings": "spacesuit_leggings",
    "enableBoots": true,
    "textureBoots": "spacesuit_boot",
    "creativeTab": {
      "value": "CUSTOM:SpaceUpdateItems"
    },
    "armorTextureFile": "erinium_armor_",
    "helmetName": "Spacesuit Helmet",
    "bodyName": "Spacesuit Chestplate",
    "leggingsName": "Spacesuit Leggings",
    "bootsName": "Spacesuit Boots",
    "helmetSpecialInfo": [],
    "bodySpecialInfo": [],
    "leggingsSpecialInfo": [],
    "bootsSpecialInfo": [],
    "helmetModelName": "Default",
    "helmetModelPart": "Helmet",
    "helmetModelTexture": "space_layer_1.png",
    "bodyModelName": "Default",
    "bodyModelPart": "Body",
    "armsModelPartL": "Arms L",
    "armsModelPartR": "Arms R",
    "bodyModelTexture": "space_layer_1.png",
    "leggingsModelName": "Default",
    "leggingsModelPartL": "Leggings L",
    "leggingsModelPartR": "Leggings R",
    "leggingsModelTexture": "space_layer_1.png",
    "bootsModelName": "Default",
    "bootsModelPartL": "Boots L",
    "bootsModelPartR": "Boots R",
    "bootsModelTexture": "space_layer_1.png",
    "helmetImmuneToFire": false,
    "bodyImmuneToFire": false,
    "leggingsImmuneToFire": false,
    "bootsImmuneToFire": false,
    "maxDamage": 34,
    "damageValueHelmet": 4,
    "damageValueBody": 10,
    "damageValueLeggings": 8,
    "damageValueBoots": 4,
    "enchantability": 35,
    "toughness": 4.0,
    "knockbackResistance": 0.4,
    "equipSound": {
      "value": ""
    },
    "repairItems": []
  }
}