{
  "_fv": 28,
  "_type": "gui",
  "definition": {
    "type": 1,
    "width": 417,
    "height": 235,
    "inventoryOffsetX": -5,
    "inventoryOffsetY": 38,
    "renderBgLayer": false,
    "doesPauseGame": false,
    "components": [
      {
        "type": "label",
        "data": {
          "text": "Label text",
          "color": {
            "value": -12829636,
            "falpha": 0.0
          },
          "name": "Label text",
          "x": 176,
          "y": 50
        }
      },
      {
        "type": "inputslot",
        "data": {
          "inputLimit": {
            "value": ""
          },
          "id": 0,
          "disableStackInteraction": true,
          "dropItemsWhenNotBound": false,
          "onTakenFromSlot": {
            "name": "Slot0taken"
          },
          "name": "Slot #0",
          "x": 181,
          "y": 71
        }
      },
      {
        "type": "image",
        "data": {
          "image": "preset_gui.png",
          "use1Xscale": false,
          "name": "preset_gui.png",
          "x": 0,
          "y": 0
        }
      }
    ],
    "onOpen": {
      "name": "TestGuiThisGUIIsOpened"
    },
    "gridSettings": {
      "sx": 18,
      "sy": 18,
      "ox": 17,
      "oy": 17,
      "snapOnGrid": true
    }
  }
}