{
  "_fv": 28,
  "_type": "procedure",
  "definition": {
    "procedurexml": "<xml xmlns=\"https://developers.google.com/blockly/xml\"><block type=\"event_trigger\" deletable=\"false\" x=\"40\" y=\"40\"><field name=\"trigger\">no_ext_trigger</field><next><block type=\"entity_close_gui\"><value name=\"entity\"><block type=\"entity_from_deps\"></block></value><next><block type=\"execute_command\"><value name=\"command\"><block type=\"text_join\"><mutation items=\"4\"></mutation><value name=\"ADD0\"><block type=\"text\"><field name=\"TEXT\">/tellraw </field></block></value><value name=\"ADD1\"><block type=\"entity_name\"><value name=\"entity\"><block type=\"entity_from_deps\"></block></value></block></value><value name=\"ADD2\"><block type=\"text\"><field name=\"TEXT\"> </field></block></value><value name=\"ADD3\"><block type=\"text\"><field name=\"TEXT\">[\"\",{\"text\":\"§4§n&gt; Rank Wiki &lt;\",\"underlined\":true,\"clickEvent\":{\"action\":\"open_url\",\"value\":\"https://erinium-wiki.netlify.app/rank/index.html\"}}]</field></block></value></block></value><value name=\"x\"><block type=\"coord_x\"></block></value><value name=\"y\"><block type=\"coord_y\"></block></value><value name=\"z\"><block type=\"coord_z\"></block></value></block></next></block></next></block><block type=\"entity_send_chat\" x=\"635\" y=\"294\"><value name=\"text\"><block type=\"text\"><field name=\"TEXT\"></field></block></value><value name=\"entity\"><block type=\"entity_from_deps\"></block></value><value name=\"actbar\"><block type=\"logic_boolean\"><field name=\"BOOL\">FALSE</field></block></value></block></xml>"
  }
}