{
  "_fv": 28,
  "_type": "gui",
  "definition": {
    "type": 1,
    "width": 395,
    "height": 220,
    "inventoryOffsetX": -5,
    "inventoryOffsetY": 38,
    "renderBgLayer": false,
    "doesPauseGame": false,
    "components": [
      {
        "type": "image",
        "data": {
          "image": "wiki_fusion_station_alpha_menu.png",
          "use1Xscale": false,
          "name": "wiki_fusion_station_alpha_menu.png",
          "x": 0,
          "y": 0
        }
      }
    ],
    "gridSettings": {
      "sx": 18,
      "sy": 18,
      "ox": 17,
      "oy": 17,
      "snapOnGrid": true
    }
  }
}