{
  "_fv": 28,
  "_type": "item",
  "definition": {
    "renderType": 0,
    "texture": "xp_orb",
    "customModelName": "Normal",
    "name": "§aXp Orb",
    "rarity": "UNCOMMON",
    "creativeTab": {
      "value": "BREWING"
    },
    "stackSize": 64,
    "enchantability": 0,
    "useDuration": 0,
    "toolType": 1.0,
    "damageCount": 0,
    "recipeRemainder": {
      "value": ""
    },
    "destroyAnyBlock": false,
    "immuneToFire": false,
    "stayInGridWhenCrafting": false,
    "damageOnCrafting": false,
    "enableMeleeDamage": false,
    "damageVsEntity": 0.0,
    "specialInfo": [],
    "hasGlow": true,
    "guiBoundTo": "<NONE>",
    "inventorySize": 9,
    "inventoryStackSize": 64,
    "onRightClickedInAir": {
      "name": "XpOrbRightClickedInAir"
    },
    "onRightClickedOnBlock": {
      "name": "XpOrbRightClickedInAir"
    },
    "hasDispenseBehavior": false,
    "isFood": false,
    "nutritionalValue": 0,
    "saturation": 0.30000001192092896,
    "eatResultItem": {
      "value": ""
    },
    "isMeat": false,
    "isAlwaysEdible": false,
    "animation": "eat"
  }
}