{
  "magazine_reload": {
    "category": "master",
    "subtitle": "subtitles.magazine_reload",
    "sounds": [
      {
        "name": "erinium:reloading_magazine",
        "stream": false
      }
    ]
  },
  "scarh_shoot": {
    "category": "master",
    "sounds": [
      {
        "name": "erinium:scarh_shoot",
        "stream": false
      }
    ]
  },
  "no_ammo": {
    "category": "master",
    "sounds": [
      {
        "name": "erinium:no_ammo",
        "stream": false
      }
    ]
  },
  "hitmarker": {
    "category": "master",
    "sounds": [
      {
        "name": "erinium:hitmarker",
        "stream": false
      }
    ]
  }
}