{
  "_fv": 34,
  "_type": "recipe",
  "definition": {
    "recipeType": "Crafting",
    "xpReward": 0.0,
    "cookingTime": 200,
    "recipeRetstackSize": 1,
    "group": "",
    "recipeShapeless": false,
    "recipeSlots": [
      {
        "value": "CUSTOM:AlmonieGem"
      },
      {
        "value": "CUSTOM:AlmonieGem"
      },
      {
        "value": "CUSTOM:AlmonieGem"
      },
      {
        "value": "CUSTOM:AlmonieGem"
      },
      {
        "value": "Items.PAPER"
      },
      {
        "value": "CUSTOM:AlmonieGem"
      },
      {
        "value": "CUSTOM:AlmonieGem"
      },
      {
        "value": "CUSTOM:AlmonieGem"
      },
      {
        "value": "CUSTOM:AlmonieGem"
      }
    ],
    "recipeReturnStack": {
      "value": "CUSTOM:AlmoniePaper"
    },
    "name": "craft_almonie_paper",
    "namespace": "mod"
  }
}