{
  "_fv": 34,
  "_type": "command",
  "definition": {
    "commandName": "EriniumRank",
    "permissionLevel": "No requirement",
    "argsxml": "<xml xmlns=\"https://developers.google.com/blockly/xml\"><block type=\"args_start\" deletable=\"false\" x=\"40\" y=\"40\"><next><block type=\"entity\"><field name=\"name\">player</field><field name=\"type\">player</field><statement name=\"args\"><block type=\"string\"><field name=\"type\">word</field><field name=\"name\">type</field><statement name=\"args\"><block type=\"string\"><field name=\"type\">word</field><field name=\"name\">action</field><statement name=\"args\"><block type=\"number_min\"><field name=\"name\">amount</field><field name=\"min\">1</field><statement name=\"args\"><block type=\"call_procedure\"><field name=\"procedure\">EriniumRankCommand</field></block></statement><next><block type=\"call_procedure\"><field name=\"procedure\">EriniumRankCommand</field></block></next></block></statement><next><block type=\"call_procedure\"><field name=\"procedure\">EriniumRankCommand</field></block></next></block></statement><next><block type=\"call_procedure\"><field name=\"procedure\">EriniumRankCommand</field></block></next></block></statement><next><block type=\"call_procedure\"><field name=\"procedure\">EriniumRankError</field></block></next></block></next></block></xml>"
  }
}