{
  "_fv": 34,
  "_type": "armor",
  "definition": {
    "enableHelmet": true,
    "textureHelmet": "erinium_matrix_helmet",
    "enableBody": true,
    "textureBody": "erinium_matrix_chestplate",
    "enableLeggings": true,
    "textureLeggings": "erinium_matrix_leggings",
    "enableBoots": true,
    "textureBoots": "erinium_matrix_boots",
    "onHelmetTick": {
      "name": "ArmorHelmetHighEnd"
    },
    "onBodyTick": {
      "name": "ArmorChestplateHighEnd"
    },
    "onLeggingsTick": {
      "name": "ArmorLeggingsHighEnd"
    },
    "onBootsTick": {
      "name": "ArmorBootsHighEnd"
    },
    "creativeTab": {
      "value": "CUSTOM:EriniumArmors"
    },
    "armorTextureFile": "erinium_matrix_armor_",
    "helmetName": "§2§k|| §r§1Erinium Matrix Helmet §2§k||",
    "bodyName": "§2§k|| §r§1Erinium Matrix Chestplate §2§k||",
    "leggingsName": "§2§k|| §r§1Erinium Matrix Leggings §2§k||",
    "bootsName": "§2§k|| §r§1Erinium Matrix Boots §2§k||",
    "helmetSpecialInfo": [],
    "bodySpecialInfo": [],
    "leggingsSpecialInfo": [],
    "bootsSpecialInfo": [],
    "helmetModelName": "Default",
    "helmetModelPart": "Helmet",
    "helmetModelTexture": "From armor",
    "bodyModelName": "Default",
    "bodyModelPart": "Body",
    "armsModelPartL": "Arms L",
    "armsModelPartR": "Arms R",
    "bodyModelTexture": "From armor",
    "leggingsModelName": "Default",
    "leggingsModelPartL": "Leggings L",
    "leggingsModelPartR": "Leggings R",
    "leggingsModelTexture": "From armor",
    "bootsModelName": "Default",
    "bootsModelPartL": "Boots L",
    "bootsModelPartR": "Boots R",
    "bootsModelTexture": "From armor",
    "helmetImmuneToFire": false,
    "bodyImmuneToFire": false,
    "leggingsImmuneToFire": false,
    "bootsImmuneToFire": false,
    "maxDamage": 40,
    "damageValueHelmet": 10,
    "damageValueBody": 14,
    "damageValueLeggings": 12,
    "damageValueBoots": 10,
    "enchantability": 28,
    "toughness": 3.4,
    "knockbackResistance": 0.22,
    "equipSound": {
      "value": ""
    },
    "repairItems": [
      {
        "value": "CUSTOM:EriniumMatrixIngot"
      }
    ]
  }
}