{
  "_fv": 34,
  "_type": "item",
  "definition": {
    "renderType": 0,
    "texture": "magic_stone_debug",
    "customModelName": "Normal",
    "name": "Magic Stones Debug",
    "rarity": "COMMON",
    "creativeTab": {
      "value": "CUSTOM:AdminZone"
    },
    "stackSize": 1,
    "enchantability": 0,
    "useDuration": 0,
    "toolType": 1.0,
    "damageCount": 0,
    "recipeRemainder": {
      "value": ""
    },
    "destroyAnyBlock": false,
    "immuneToFire": false,
    "stayInGridWhenCrafting": false,
    "damageOnCrafting": false,
    "enableMeleeDamage": false,
    "damageVsEntity": 0.0,
    "specialInfo": [
      "test"
    ],
    "hasGlow": true,
    "glowCondition": {
      "name": "MagicStonesDebugMakeItemGlow"
    },
    "guiBoundTo": "<NONE>",
    "inventorySize": 9,
    "inventoryStackSize": 64,
    "onRightClickedInAir": {
      "name": "MagicStonesDebugRightclicked"
    },
    "onRightClickedOnBlock": {
      "name": "MagicStonesDebugRightclicked"
    },
    "onCrafted": {
      "name": "MagicStonesDebugItemIsCraftedsmelted"
    },
    "onItemInInventoryTick": {
      "name": "MagicStonesDebugItemInInventoryTick"
    },
    "isFood": false,
    "nutritionalValue": 4,
    "saturation": 0.3,
    "eatResultItem": {
      "value": ""
    },
    "isMeat": false,
    "isAlwaysEdible": false,
    "animation": "none"
  }
}