{
  "_fv": 34,
  "_type": "procedure",
  "definition": {
    "procedurexml": "<?xml version=\"1.0\" encoding=\"UTF-8\" standalone=\"no\"?><xml xmlns=\"https://developers.google.com/blockly/xml\"><variables><variable id=\"file\" type=\"File\">file</variable></variables><block deletable=\"false\" type=\"event_trigger\" x=\"40\" y=\"40\"><field name=\"trigger\">player_log_in</field><next><block type=\"entity_send_chat\"><value name=\"text\"><block type=\"text\"><field name=\"TEXT\">§bSi vous apercevez un problème, allez signaler le problème sur le github</field></block></value><value name=\"entity\"><block type=\"entity_from_deps\"/></value><value name=\"actbar\"><block type=\"logic_boolean\"><field name=\"BOOL\">FALSE</field></block></value><next><block type=\"entity_send_chat\"><value name=\"text\"><block type=\"text\"><field name=\"TEXT\">§4If you see a problem, report the problem on the github</field></block></value><value name=\"entity\"><block type=\"entity_from_deps\"/></value><value name=\"actbar\"><block type=\"logic_boolean\"><field name=\"BOOL\">FALSE</field></block></value><next><block type=\"execute_command\"><value name=\"command\"><block type=\"text\"><field name=\"TEXT\">tellraw @p {\"text\":\"§1Github\",\"clickEvent\":{\"action\":\"open_url\",\"value\":\"https://github.com/JLSkyzer/erinium\"}}</field></block></value><value name=\"x\"><block type=\"coord_x\"/></value><value name=\"y\"><block type=\"coord_y\"/></value><value name=\"z\"><block type=\"coord_z\"/></value><next><block type=\"controls_if\"><mutation elseif=\"1\"/><value name=\"IF0\"><block type=\"text_binary_ops\"><value name=\"A\"><block type=\"variables_get_string\"><mutation xmlns=\"http://www.w3.org/1999/xhtml\" has_entity=\"true\" is_player_var=\"true\"/><field name=\"VAR\">global:serverLanguage</field><value name=\"entity\"><block type=\"entity_from_deps\"/></value></block></value><value name=\"B\"><block type=\"text\"><field name=\"TEXT\">FR</field></block></value></block></value><statement name=\"DO0\"><block type=\"entity_send_chat\"><value name=\"text\"><block type=\"text\"><field name=\"TEXT\">§1===== §6Bienvenue sur Erinium §1=====</field></block></value><value name=\"entity\"><block type=\"entity_from_deps\"/></value><value name=\"actbar\"><block type=\"logic_boolean\"><field name=\"BOOL\">FALSE</field></block></value><next><block type=\"entity_send_chat\"><value name=\"text\"><block type=\"text\"><field name=\"TEXT\">§4[§bErinium§4] §eFaite la commande §a/serverlanguage §epour changer la langue du serveur !</field></block></value><value name=\"entity\"><block type=\"entity_from_deps\"/></value><value name=\"actbar\"><block type=\"logic_boolean\"><field name=\"BOOL\">FALSE</field></block></value><next><block type=\"entity_send_chat\"><value name=\"text\"><block type=\"text\"><field name=\"TEXT\">§4[§bErinium§4] §eFaite la commande §a/rank §epour en savoir plus sur le système de niveau !</field></block></value><value name=\"entity\"><block type=\"entity_from_deps\"/></value><value name=\"actbar\"><block type=\"logic_boolean\"><field name=\"BOOL\">FALSE</field></block></value><next><block type=\"entity_send_chat\"><value name=\"text\"><block type=\"text\"><field name=\"TEXT\">§4[§bErinium§4] §eFaite la commande §a/wiki §epour voir le wiki du mods (très important !)</field></block></value><value name=\"entity\"><block type=\"entity_from_deps\"/></value><value name=\"actbar\"><block type=\"logic_boolean\"><field name=\"BOOL\">FALSE</field></block></value><next><block type=\"entity_send_chat\"><value name=\"text\"><block type=\"text\"><field name=\"TEXT\">§4[§bErinium§4] §eFaite la commande §a/rankoverlaysettings §epour changer la position du overlay \"won xp\" qui est utilisé quand vous gagner de l'xp pour le système de rank</field></block></value><value name=\"entity\"><block type=\"entity_from_deps\"/></value><value name=\"actbar\"><block type=\"logic_boolean\"><field name=\"BOOL\">FALSE</field></block></value><next><block type=\"entity_send_chat\"><value name=\"text\"><block type=\"text\"><field name=\"TEXT\">§4[§bErinium§4] §eAstuce, §aRester appuyer sur \"CTRL\" en cassant une lootbox pour la récuperer</field></block></value><value name=\"entity\"><block type=\"entity_from_deps\"/></value><value name=\"actbar\"><block type=\"logic_boolean\"><field name=\"BOOL\">FALSE</field></block></value></block></next></block></next></block></next></block></next></block></next></block></statement><value name=\"IF1\"><block type=\"text_binary_ops\"><value name=\"A\"><block type=\"variables_get_string\"><mutation xmlns=\"http://www.w3.org/1999/xhtml\" has_entity=\"true\" is_player_var=\"true\"/><field name=\"VAR\">global:serverLanguage</field><value name=\"entity\"><block type=\"entity_from_deps\"/></value></block></value><value name=\"B\"><block type=\"text\"><field name=\"TEXT\">EN</field></block></value></block></value><statement name=\"DO1\"><block type=\"entity_send_chat\"><value name=\"text\"><block type=\"text\"><field name=\"TEXT\">§1===== §6Welcome to Erinium §1=====</field></block></value><value name=\"entity\"><block type=\"entity_from_deps\"/></value><value name=\"actbar\"><block type=\"logic_boolean\"><field name=\"BOOL\">FALSE</field></block></value><next><block type=\"entity_send_chat\"><value name=\"text\"><block type=\"text\"><field name=\"TEXT\">§4[§bErinium§4] §eDo the command §a/serverlanguage §eto change the server language !</field></block></value><value name=\"entity\"><block type=\"entity_from_deps\"/></value><value name=\"actbar\"><block type=\"logic_boolean\"><field name=\"BOOL\">FALSE</field></block></value><next><block type=\"entity_send_chat\"><value name=\"text\"><block type=\"text\"><field name=\"TEXT\">§4[§bErinium§4] §eDo the command §a/rank §eto learn more about the level system !</field></block></value><value name=\"entity\"><block type=\"entity_from_deps\"/></value><value name=\"actbar\"><block type=\"logic_boolean\"><field name=\"BOOL\">FALSE</field></block></value><next><block type=\"entity_send_chat\"><value name=\"text\"><block type=\"text\"><field name=\"TEXT\">§4[§bErinium§4] §eDo the command §a/wiki §eto see the mod wiki (very important !)</field></block></value><value name=\"entity\"><block type=\"entity_from_deps\"/></value><value name=\"actbar\"><block type=\"logic_boolean\"><field name=\"BOOL\">FALSE</field></block></value><next><block type=\"entity_send_chat\"><value name=\"text\"><block type=\"text\"><field name=\"TEXT\">§4[§bErinium§4] §eDo the command §a/rankoverlaysettings §eto change the position of the \"won xp\" overlay which is used when you gain xp for the rank system</field></block></value><value name=\"entity\"><block type=\"entity_from_deps\"/></value><value name=\"actbar\"><block type=\"logic_boolean\"><field name=\"BOOL\">FALSE</field></block></value><next><block type=\"entity_send_chat\"><value name=\"text\"><block type=\"text\"><field name=\"TEXT\">§4[§bErinium§4] §eTip, §aKeep pressing \"CTRL\" when breaking a lootbox to recover it</field></block></value><value name=\"entity\"><block type=\"entity_from_deps\"/></value><value name=\"actbar\"><block type=\"logic_boolean\"><field name=\"BOOL\">FALSE</field></block></value></block></next></block></next></block></next></block></next></block></next></block></statement></block></next></block></next></block></next></block></next></block></xml>"
  }
}