{
  "_fv": 34,
  "_type": "procedure",
  "definition": {
    "procedurexml": "<xml xmlns=\"https://developers.google.com/blockly/xml\"><variables><variable type=\"String\" id=\"tempText\">tempText</variable></variables><block type=\"event_trigger\" deletable=\"false\" x=\"40\" y=\"40\"><field name=\"trigger\">chat_sent</field><next><block type=\"controls_if\"><value name=\"IF0\"><block type=\"variables_get_logic\"><mutation xmlns=\"http://www.w3.org/1999/xhtml\" is_player_var=\"false\" has_entity=\"false\"></mutation><field name=\"VAR\">global:enableCustomChat</field></block></value><statement name=\"DO0\"><block type=\"cancel_event\"><next><block type=\"variables_set_string\"><mutation xmlns=\"http://www.w3.org/1999/xhtml\" is_player_var=\"false\" has_entity=\"false\"></mutation><field name=\"VAR\">local:tempText</field><value name=\"VAL\"><block type=\"custom_dependency_string\"><field name=\"NAME\">text</field></block></value><next><block type=\"variables_set_string\"><mutation xmlns=\"http://www.w3.org/1999/xhtml\" is_player_var=\"false\" has_entity=\"false\"></mutation><field name=\"VAR\">local:tempText</field><value name=\"VAL\"><block type=\"text_replace\"><value name=\"what\"><block type=\"text\"><field name=\"TEXT\">:erinium:</field></block></value><value name=\"with\"><block type=\"text\"><field name=\"TEXT\">\\uE001</field></block></value><value name=\"text\"><block type=\"variables_get_string\"><mutation xmlns=\"http://www.w3.org/1999/xhtml\" is_player_var=\"false\" has_entity=\"false\"></mutation><field name=\"VAR\">local:tempText</field></block></value></block></value><next><block type=\"variables_set_string\"><mutation xmlns=\"http://www.w3.org/1999/xhtml\" is_player_var=\"false\" has_entity=\"false\"></mutation><field name=\"VAR\">local:tempText</field><value name=\"VAL\"><block type=\"text_replace\"><value name=\"what\"><block type=\"text\"><field name=\"TEXT\">:Membre:</field></block></value><value name=\"with\"><block type=\"text\"><field name=\"TEXT\">\\uE002\\uF801\\uE003\\uF801\\uE004\\uF801\\uE005</field></block></value><value name=\"text\"><block type=\"variables_get_string\"><mutation xmlns=\"http://www.w3.org/1999/xhtml\" is_player_var=\"false\" has_entity=\"false\"></mutation><field name=\"VAR\">local:tempText</field></block></value></block></value><next><block type=\"execute_command\"><value name=\"command\"><block type=\"text_join\"><mutation items=\"7\"></mutation><value name=\"ADD0\"><block type=\"text\"><field name=\"TEXT\">/tellraw @a </field></block></value><value name=\"ADD1\"><block type=\"text\"><field name=\"TEXT\">{\"text\":\"</field></block></value><value name=\"ADD2\"><block type=\"text\"><field name=\"TEXT\">&lt;\\uE002\\uF801\\uE003\\uF801\\uE004\\uF801\\uE005 §b</field></block></value><value name=\"ADD3\"><block type=\"entity_name\"><value name=\"entity\"><block type=\"entity_from_deps\"></block></value></block></value><value name=\"ADD4\"><block type=\"text\"><field name=\"TEXT\">§f&gt;: </field></block></value><value name=\"ADD5\"><block type=\"variables_get_string\"><mutation xmlns=\"http://www.w3.org/1999/xhtml\" is_player_var=\"false\" has_entity=\"false\"></mutation><field name=\"VAR\">local:tempText</field></block></value><value name=\"ADD6\"><block type=\"text\"><field name=\"TEXT\">\"}</field></block></value></block></value><value name=\"x\"><block type=\"coord_x\"></block></value><value name=\"y\"><block type=\"coord_y\"></block></value><value name=\"z\"><block type=\"coord_z\"></block></value></block></next></block></next></block></next></block></next></block></statement></block></next></block></xml>"
  }
}