{
  "_fv": 24,
  "_type": "recipe",
  "definition": {
    "recipeType": "Crafting",
    "xpReward": 0.0,
    "cookingTime": 200,
    "recipeRetstackSize": 1,
    "group": "",
    "recipeShapeless": false,
    "recipeSlots": [
      {
        "value": "Items.IRON_INGOT"
      },
      {
        "value": "Items.COMPASS"
      },
      {
        "value": "Items.IRON_INGOT"
      },
      {
        "value": "Items.DIAMOND"
      },
      {
        "value": "Blocks.CHEST"
      },
      {
        "value": "Items.DIAMOND"
      },
      {
        "value": "Items.IRON_INGOT"
      },
      {
        "value": "Items.DIAMOND"
      },
      {
        "value": "Items.IRON_INGOT"
      }
    ],
    "recipeReturnStack": {
      "value": "CUSTOM:ChestFinder"
    },
    "name": "craft_chest_finder",
    "namespace": "mod"
  }
}