{
  "_fv": 24,
  "_type": "recipe",
  "definition": {
    "recipeType": "Crafting",
    "xpReward": 0.0,
    "cookingTime": 200,
    "recipeRetstackSize": 1,
    "group": "",
    "recipeShapeless": false,
    "recipeSlots": [
      {
        "value": "CUSTOM:SpectriumGem"
      },
      {
        "value": "CUSTOM:SpectriumGem"
      },
      {
        "value": "CUSTOM:SpectriumGem"
      },
      {
        "value": "CUSTOM:SpectriumGem"
      },
      {
        "value": "CUSTOM:SpectriumGem"
      },
      {
        "value": "CUSTOM:SpectriumGem"
      },
      {
        "value": "CUSTOM:SpectriumGem"
      },
      {
        "value": "CUSTOM:SpectriumGem"
      },
      {
        "value": "CUSTOM:SpectriumGem"
      }
    ],
    "recipeReturnStack": {
      "value": "CUSTOM:SpectriumBlock"
    },
    "name": "craft_spectrium_block",
    "namespace": "mod"
  }
}