{
  "_fv": 24,
  "_type": "recipe",
  "definition": {
    "recipeType": "Crafting",
    "xpReward": 0.0,
    "cookingTime": 200,
    "recipeRetstackSize": 1,
    "group": "",
    "recipeShapeless": false,
    "recipeSlots": [
      {
        "value": "Blocks.IRON_BLOCK"
      },
      {
        "value": "Items.ENDER_EYE"
      },
      {
        "value": "Blocks.IRON_BLOCK"
      },
      {
        "value": "Items.ENDER_EYE"
      },
      {
        "value": "Items.SKULL#1"
      },
      {
        "value": "Items.ENDER_EYE"
      },
      {
        "value": "Blocks.IRON_BLOCK"
      },
      {
        "value": "Items.ENDER_EYE"
      },
      {
        "value": "Blocks.IRON_BLOCK"
      }
    ],
    "recipeReturnStack": {
      "value": "CUSTOM:NetherStarGen"
    },
    "name": "craft_nether_star_gen",
    "namespace": "mod"
  }
}