{
  "_fv": 24,
  "_type": "item",
  "definition": {
    "renderType": 0,
    "texture": "home_teleporter",
    "customModelName": "Normal",
    "name": "�aHome Teleporter",
    "rarity": "COMMON",
    "creativeTab": {
      "value": "CUSTOM:SpaceUpdateItems"
    },
    "stackSize": 1,
    "enchantability": 0,
    "useDuration": 0,
    "toolType": 1.0,
    "damageCount": 0,
    "recipeRemainder": {
      "value": ""
    },
    "destroyAnyBlock": false,
    "immuneToFire": false,
    "stayInGridWhenCrafting": false,
    "damageOnCrafting": false,
    "enableMeleeDamage": false,
    "damageVsEntity": 0.0,
    "specialInfo": [
      "�bSet your home with the Home Setter and do /gohome"
    ],
    "hasGlow": false,
    "guiBoundTo": "<NONE>",
    "inventorySize": 9,
    "inventoryStackSize": 64,
    "onRightClickedOnBlock": {
      "name": "HomeTeleporterClickOnBlock"
    },
    "onItemInInventoryTick": {
      "name": "HomeTeleportInventoryTick"
    },
    "hasDispenseBehavior": false
  }
}