{
  "_fv": 24,
  "_type": "gui",
  "definition": {
    "type": 0,
    "width": 200,
    "height": 140,
    "inventoryOffsetX": 0,
    "inventoryOffsetY": 0,
    "renderBgLayer": true,
    "doesPauseGame": false,
    "components": [
      {
        "type": "image",
        "data": {
          "image": "planetteleporter_panel_bg.png",
          "use1Xscale": false,
          "name": "planetteleporter_panel_bg.png",
          "x": 113,
          "y": 50
        }
      },
      {
        "type": "label",
        "data": {
          "text": "Planet Teleporter",
          "color": {
            "value": -1,
            "falpha": 0.0
          },
          "name": "Planet Teleporter",
          "x": 167,
          "y": 41
        }
      },
      {
        "type": "button",
        "data": {
          "text": "�e\\uE000 Moon \\uE000",
          "onClick": {
            "name": "GoMoon"
          },
          "width": 81,
          "height": 20,
          "name": "�e\\uE000 Moon \\uE000",
          "x": 122,
          "y": 59
        }
      }
    ],
    "gridSettings": {
      "sx": 18,
      "sy": 18,
      "ox": 9,
      "oy": 9,
      "snapOnGrid": true
    }
  }
}