{
  "_fv": 24,
  "_type": "item",
  "definition": {
    "renderType": 0,
    "texture": "spectrium_gem",
    "customModelName": "Normal",
    "name": "�0Spectrium �rGem",
    "rarity": "EPIC",
    "creativeTab": {
      "value": "CUSTOM:SpaceUpdateItems"
    },
    "stackSize": 64,
    "enchantability": 0,
    "useDuration": 0,
    "toolType": 1.0,
    "damageCount": 0,
    "recipeRemainder": {
      "value": ""
    },
    "destroyAnyBlock": false,
    "immuneToFire": false,
    "stayInGridWhenCrafting": false,
    "damageOnCrafting": false,
    "enableMeleeDamage": false,
    "damageVsEntity": 0.0,
    "specialInfo": [
      "is the gem for create de number 5 of the Epic Stuff"
    ],
    "hasGlow": false,
    "guiBoundTo": "<NONE>",
    "inventorySize": 9,
    "inventoryStackSize": 64,
    "hasDispenseBehavior": false
  }
}