{
  "_fv": 24,
  "_type": "gui",
  "definition": {
    "type": 1,
    "width": 176,
    "height": 166,
    "inventoryOffsetX": 0,
    "inventoryOffsetY": 0,
    "renderBgLayer": true,
    "doesPauseGame": false,
    "components": [
      {
        "type": "inputslot",
        "data": {
          "inputLimit": {
            "value": "CUSTOM:WarningLogo"
          },
          "id": 0,
          "disableStackInteraction": false,
          "dropItemsWhenNotBound": false,
          "onTakenFromSlot": {
            "name": "Slot0taken"
          },
          "name": "Slot #0",
          "x": 198,
          "y": 88
        }
      },
      {
        "type": "button",
        "data": {
          "text": "\\uE002",
          "width": 18,
          "height": 20,
          "name": "\\uE002",
          "x": 186,
          "y": 62
        }
      }
    ],
    "onTick": {
      "name": "TestGuiThisGUIIsOpened"
    },
    "gridSettings": {
      "sx": 18,
      "sy": 18,
      "ox": 11,
      "oy": 15,
      "snapOnGrid": true
    }
  }
}