{
  "_fv": 24,
  "_type": "overlay",
  "definition": {
    "priority": "NORMAL",
    "components": [
      {
        "type": "label",
        "data": {
          "text": "<VAR:integer:testBarre>",
          "color": {
            "value": -12829636,
            "falpha": 0.0
          },
          "name": "<VAR:integer:testBarre>",
          "x": 10,
          "y": 13
        }
      },
      {
        "type": "image",
        "data": {
          "image": "test_barre.png",
          "use1Xscale": false,
          "name": "test_barre.png",
          "x": 168,
          "y": 45
        }
      }
    ],
    "baseTexture": "",
    "overlayTarget": "Ingame",
    "displayCondition": {
      "name": "TestBarOverlayDisplayOverlayIngame"
    },
    "gridSettings": {
      "sx": 18,
      "sy": 18,
      "ox": 11,
      "oy": 15,
      "snapOnGrid": false
    }
  }
}