{
  "_fv": 34,
  "_type": "gui",
  "definition": {
    "type": 1,
    "width": 176,
    "height": 166,
    "inventoryOffsetX": 0,
    "inventoryOffsetY": 0,
    "renderBgLayer": true,
    "doesPauseGame": false,
    "components": [
      {
        "type": "label",
        "data": {
          "text": "Astral Miner",
          "color": {
            "value": -16777216,
            "falpha": 0.0
          },
          "name": "Astral Miner",
          "x": 128,
          "y": 40
        }
      },
      {
        "type": "outputslot",
        "data": {
          "id": 0,
          "disableStackInteraction": false,
          "dropItemsWhenNotBound": true,
          "name": "Slot #0",
          "x": 204,
          "y": 62
        }
      },
      {
        "type": "image",
        "data": {
          "image": "energy_bar_empty.png",
          "use1Xscale": true,
          "name": "energy_bar_empty.png",
          "x": 258,
          "y": 44
        }
      },
      {
        "type": "image",
        "data": {
          "image": "energy_bar_fill.png",
          "use1Xscale": true,
          "name": "energy_bar_fill.png",
          "x": 258,
          "y": 44
        }
      },
      {
        "type": "label",
        "data": {
          "text": "<energy>",
          "color": {
            "value": -12829636,
            "falpha": 0.0
          },
          "name": "<energy>",
          "x": 132,
          "y": 80
        }
      },
      {
        "type": "label",
        "data": {
          "text": "<BNBT:number:percent>",
          "color": {
            "value": -12829636,
            "falpha": 0.0
          },
          "name": "<BNBT:number:percent>",
          "x": 204,
          "y": 80
        }
      }
    ],
    "gridSettings": {
      "sx": 18,
      "sy": 18,
      "ox": 11,
      "oy": 15,
      "snapOnGrid": true
    }
  }
}