{
  "_fv": 34,
  "_type": "gui",
  "definition": {
    "type": 0,
    "width": 176,
    "height": 166,
    "inventoryOffsetX": 0,
    "inventoryOffsetY": 0,
    "renderBgLayer": true,
    "doesPauseGame": false,
    "components": [
      {
        "type": "label",
        "data": {
          "text": "Block Seller",
          "color": {
            "value": -16777216,
            "falpha": 0.0
          },
          "name": "Block Seller",
          "x": 183,
          "y": 40
        }
      },
      {
        "type": "label",
        "data": {
          "text": "<energy> / 500,000",
          "color": {
            "value": -16724992,
            "falpha": 0.0
          },
          "name": "<energy> / 500,000",
          "x": 168,
          "y": 51
        }
      },
      {
        "type": "label",
        "data": {
          "text": "Info: 1k FE = <VAR:energysellercost> $",
          "color": {
            "value": -205,
            "falpha": 0.0
          },
          "name": "Info: 1k FE = <VAR:energysellercost> $",
          "x": 128,
          "y": 61
        }
      },
      {
        "type": "label",
        "data": {
          "text": "§eYour credit : §a<VAR:Credit> $",
          "color": {
            "value": -12829636,
            "falpha": 0.0
          },
          "name": "§eYour credit : §a<VAR:Credit> $",
          "x": 128,
          "y": 71
        }
      },
      {
        "type": "label",
        "data": {
          "text": "Block Credit : <BNBT:number:credit> $",
          "color": {
            "value": -3407872,
            "falpha": 0.0
          },
          "name": "Block Credit : <BNBT:number:credit> $",
          "x": 128,
          "y": 81
        }
      },
      {
        "type": "button",
        "data": {
          "text": "Get Credit",
          "onClick": {
            "name": "EnergySellerBtn"
          },
          "width": 77,
          "height": 20,
          "name": "Get Credit",
          "x": 175,
          "y": 95
        }
      },
      {
        "type": "label",
        "data": {
          "text": "<BNBT:text:error>",
          "color": {
            "value": -65536,
            "falpha": 0.0
          },
          "name": "<BNBT:text:error>",
          "x": 128,
          "y": 190
        }
      }
    ],
    "gridSettings": {
      "sx": 18,
      "sy": 18,
      "ox": 11,
      "oy": 15,
      "snapOnGrid": false
    }
  }
}