{
  "_fv": 34,
  "_type": "plant",
  "definition": {
    "renderType": 2,
    "texture": "candy_bar_text",
    "textureBottom": "",
    "customModelName": "candy_bar:default",
    "itemTexture": "item_candy_bar",
    "particleTexture": "candy_bar_text",
    "tintType": "No tint",
    "isItemTinted": false,
    "plantType": "normal",
    "staticPlantGenerationType": "Flower",
    "suspiciousStewEffect": "SPEED",
    "suspiciousStewDuration": 100,
    "growapableSpawnType": "Plains",
    "growapableMaxHeight": 3,
    "doublePlantGenerationType": "Flower",
    "customBoundingBox": true,
    "disableOffset": false,
    "boundingBoxes": [
      {
        "mx": 9.0,
        "my": 0.0,
        "mz": 2.0,
        "Mx": 3.0,
        "My": 15.0,
        "Mz": 10.0,
        "subtract": false
      }
    ],
    "name": "§5Candy Bar",
    "specialInfo": [],
    "creativeTab": {
      "value": "CUSTOM:EriniumBlocks"
    },
    "hardness": 0.0,
    "resistance": 0.0,
    "luminance": 0,
    "unbreakable": false,
    "isSolid": false,
    "isCustomSoundType": false,
    "soundOnStep": {
      "value": "PLANT"
    },
    "breakSound": {
      "value": ""
    },
    "stepSound": {
      "value": ""
    },
    "placeSound": {
      "value": ""
    },
    "hitSound": {
      "value": ""
    },
    "fallSound": {
      "value": ""
    },
    "useLootTableForDrops": false,
    "customDrop": {
      "value": ""
    },
    "dropAmount": 1,
    "forceTicking": false,
    "emissiveRendering": true,
    "hasTileEntity": false,
    "isReplaceable": false,
    "colorOnMap": "RED",
    "creativePickItem": {
      "value": ""
    },
    "offsetType": "XZ",
    "aiPathNodeType": "DEFAULT",
    "flammability": 100,
    "fireSpreadSpeed": 60,
    "jumpFactor": 1.0,
    "speedFactor": 1.0,
    "canBePlacedOn": [
      {
        "value": "CUSTOM:MoonStone"
      },
      {
        "value": "Blocks.STONE#0"
      },
      {
        "value": "Blocks.GRASS"
      },
      {
        "value": "CUSTOM:CandyGrass"
      },
      {
        "value": "CUSTOM:ChocolateDirt"
      },
      {
        "value": "Blocks.DIRT#0"
      }
    ],
    "frequencyOnChunks": 2,
    "spawnWorldTypes": [
      "CUSTOM:CandyDimension"
    ],
    "restrictionBiomes": [
      {
        "value": "CUSTOM:CandyBiome"
      }
    ],
    "patchSize": 12,
    "generateAtAnyHeight": false
  }
}