{
  "_fv": 34,
  "_type": "procedure",
  "definition": {
    "procedurexml": "<xml xmlns=\"https://developers.google.com/blockly/xml\"><block type=\"event_trigger\" deletable=\"false\" x=\"40\" y=\"40\"><field name=\"trigger\">no_ext_trigger</field><next><block type=\"controls_if\"><mutation elseif=\"1\"></mutation><value name=\"IF0\"><block type=\"text_binary_ops\"><value name=\"A\"><block type=\"variables_get_string\"><mutation xmlns=\"http://www.w3.org/1999/xhtml\" is_player_var=\"true\" has_entity=\"true\"></mutation><field name=\"VAR\">global:serverLanguage</field><value name=\"entity\"><block type=\"entity_from_deps\"></block></value></block></value><value name=\"B\"><block type=\"text\"><field name=\"TEXT\">FR</field></block></value></block></value><statement name=\"DO0\"><block type=\"controls_if\"><mutation elseif=\"5\" else=\"1\"></mutation><value name=\"IF0\"><block type=\"math_binary_ops\"><field name=\"OP\">EQ</field><value name=\"A\"><block type=\"get_command_parameter_number\"><field name=\"param\">page</field></block></value><value name=\"B\"><block type=\"math_number\"><field name=\"NUM\">1</field></block></value></block></value><statement name=\"DO0\"><block type=\"execute_command\"><value name=\"command\"><block type=\"text_join\"><mutation items=\"29\"></mutation><value name=\"ADD0\"><block type=\"text\"><field name=\"TEXT\">tellraw </field></block></value><value name=\"ADD1\"><block type=\"entity_name\"><value name=\"entity\"><block type=\"entity_from_deps\"></block></value></block></value><value name=\"ADD2\"><block type=\"text\"><field name=\"TEXT\"> [\"\",{\"text\":\"==========\",\"color\":\"yellow\"},{\"text\":\" Erinium Help \",\"bold\":true,\"color\":\"#BB0410\"},{\"text\":\"==========\",\"color\":\"yellow\"},{\"text\":\"\\n\"},{\"text\":\"-\",\"color\":\"gold\"},{\"text\":\" \"},{\"text\":\"</field></block></value><value name=\"ADD3\"><block type=\"text\"><field name=\"TEXT\">/alchemistsell</field><comment pinned=\"false\" h=\"80\" w=\"160\">Ecrire ici</comment></block></value><value name=\"ADD4\"><block type=\"text\"><field name=\"TEXT\">\",\"bold\":true,\"underlined\":true,\"color\":\"green\",\"clickEvent\":{\"action\":\"suggest_command\",\"value\":\"/alchemistsell\"}},{\"text\":\" </field><comment pinned=\"false\" h=\"80\" w=\"160\">Ecrire ici</comment></block></value><value name=\"ADD5\"><block type=\"text\"><field name=\"TEXT\">Vend toutes vos bouteilles d'amenine pour gagner de l'xp</field><comment pinned=\"false\" h=\"80\" w=\"160\">Ecrire ici</comment></block></value><value name=\"ADD6\"><block type=\"text\"><field name=\"TEXT\">\",\"color\":\"aqua\"},{\"text\":\"\\n\"},{\"text\":\"-\",\"color\":\"gold\"},{\"text\":\" \"},{\"text\":\"</field></block></value><value name=\"ADD7\"><block type=\"text\"><field name=\"TEXT\">/credit</field><comment pinned=\"false\" h=\"80\" w=\"160\">Ecrire ici</comment></block></value><value name=\"ADD8\"><block type=\"text\"><field name=\"TEXT\">\",\"bold\":true,\"underlined\":true,\"color\":\"green\",\"clickEvent\":{\"action\":\"suggest_command\",\"value\":\"/credit\"}},{\"text\":\" </field><comment pinned=\"false\" h=\"80\" w=\"160\">Ecrire ici</comment></block></value><value name=\"ADD9\"><block type=\"text\"><field name=\"TEXT\">Pour connaitre votre crédit</field><comment pinned=\"false\" h=\"80\" w=\"160\">Ecrire ici</comment></block></value><value name=\"ADD10\"><block type=\"text\"><field name=\"TEXT\">\",\"color\":\"aqua\"},{\"text\":\"\\n\"},{\"text\":\"-\",\"color\":\"gold\"},{\"text\":\" \"},{\"text\":\"</field></block></value><value name=\"ADD11\"><block type=\"text\"><field name=\"TEXT\">/credit-to-ftb-money</field><comment pinned=\"false\" h=\"80\" w=\"160\">Ecrire ici</comment></block></value><value name=\"ADD12\"><block type=\"text\"><field name=\"TEXT\">\",\"bold\":true,\"underlined\":true,\"color\":\"green\",\"clickEvent\":{\"action\":\"suggest_command\",\"value\":\"/credit-to-ftb-money &lt;amount&gt;\"}},{\"text\":\" </field><comment pinned=\"false\" h=\"80\" w=\"160\">Ecrire ici</comment></block></value><value name=\"ADD13\"><block type=\"text\"><field name=\"TEXT\">Converti votre crédit en money du mod FTB money</field><comment pinned=\"false\" h=\"80\" w=\"160\">Ecrire ici</comment></block></value><value name=\"ADD14\"><block type=\"text\"><field name=\"TEXT\">\",\"color\":\"aqua\"},{\"text\":\"\\n\"},{\"text\":\"-\",\"color\":\"gold\"},{\"text\":\" \"},{\"text\":\"</field></block></value><value name=\"ADD15\"><block type=\"text\"><field name=\"TEXT\">/credittomoney</field><comment pinned=\"false\" h=\"80\" w=\"160\">Ecrire ici</comment></block></value><value name=\"ADD16\"><block type=\"text\"><field name=\"TEXT\">\",\"bold\":true,\"underlined\":true,\"color\":\"green\",\"clickEvent\":{\"action\":\"suggest_command\",\"value\":\"/credittomoney\"}},{\"text\":\" </field><comment pinned=\"false\" h=\"80\" w=\"160\">Ecrire ici</comment></block></value><value name=\"ADD17\"><block type=\"text\"><field name=\"TEXT\">Converti votre crédit en money du plugin essentialsX si il est activer sur le serveur</field><comment pinned=\"false\" h=\"80\" w=\"160\">Ecrire ici</comment></block></value><value name=\"ADD18\"><block type=\"text\"><field name=\"TEXT\">\",\"color\":\"aqua\"},{\"text\":\"\\n\"},{\"text\":\"-\",\"color\":\"gold\"},{\"text\":\" \"},{\"text\":\"</field></block></value><value name=\"ADD19\"><block type=\"text\"><field name=\"TEXT\">/wiki</field><comment pinned=\"false\" h=\"80\" w=\"160\">Ecrire ici</comment></block></value><value name=\"ADD20\"><block type=\"text\"><field name=\"TEXT\">\",\"bold\":true,\"underlined\":true,\"color\":\"green\",\"clickEvent\":{\"action\":\"suggest_command\",\"value\":\"/wiki\"}},{\"text\":\" </field><comment pinned=\"false\" h=\"80\" w=\"160\">Ecrire ici</comment></block></value><value name=\"ADD21\"><block type=\"text\"><field name=\"TEXT\">Donne le lien du wiki d'erinium</field><comment pinned=\"false\" h=\"80\" w=\"160\">Ecrire ici</comment></block></value><value name=\"ADD22\"><block type=\"text\"><field name=\"TEXT\">\",\"color\":\"aqua\"},{\"text\":\"\\n\"},{\"text\":\"========== \",\"color\":\"yellow\"},{\"text\":\"&lt;&lt;\",\"color\":\"dark_red\",\"clickEvent\":{\"action\":\"suggest_command\",\"value\":\"</field></block></value><value name=\"ADD23\"><block type=\"text\"><field name=\"TEXT\">/eriniumhelp 1</field><comment pinned=\"false\" h=\"80\" w=\"160\">Ecrire ici</comment></block></value><value name=\"ADD24\"><block type=\"text\"><field name=\"TEXT\">\"}},{\"text\":\" </field></block></value><value name=\"ADD25\"><block type=\"text\"><field name=\"TEXT\">Page 1</field><comment pinned=\"false\" h=\"80\" w=\"160\">Ecrire ici</comment></block></value><value name=\"ADD26\"><block type=\"text\"><field name=\"TEXT\">\",\"color\":\"green\"},{\"text\":\" \",\"color\":\"yellow\"},{\"text\":\"&gt;&gt;\",\"color\":\"dark_red\",\"clickEvent\":{\"action\":\"suggest_command\",\"value\":\"</field></block></value><value name=\"ADD27\"><block type=\"text\"><field name=\"TEXT\">/eriniumhelp 2</field><comment pinned=\"false\" h=\"80\" w=\"160\">Ecrire ici</comment></block></value><value name=\"ADD28\"><block type=\"text\"><field name=\"TEXT\">\"}},{\"text\":\" ==========\",\"color\":\"yellow\"}]</field></block></value></block></value><value name=\"x\"><block type=\"coord_x\"></block></value><value name=\"y\"><block type=\"coord_y\"></block></value><value name=\"z\"><block type=\"coord_z\"></block></value></block></statement><value name=\"IF1\"><block type=\"math_binary_ops\"><field name=\"OP\">EQ</field><value name=\"A\"><block type=\"get_command_parameter_number\"><field name=\"param\">page</field></block></value><value name=\"B\"><block type=\"math_number\"><field name=\"NUM\">2</field></block></value></block></value><statement name=\"DO1\"><block type=\"execute_command\"><value name=\"command\"><block type=\"text_join\"><mutation items=\"29\"></mutation><value name=\"ADD0\"><block type=\"text\"><field name=\"TEXT\">tellraw </field></block></value><value name=\"ADD1\"><block type=\"entity_name\"><value name=\"entity\"><block type=\"entity_from_deps\"></block></value></block></value><value name=\"ADD2\"><block type=\"text\"><field name=\"TEXT\"> [\"\",{\"text\":\"==========\",\"color\":\"yellow\"},{\"text\":\" Erinium Help \",\"bold\":true,\"color\":\"#BB0410\"},{\"text\":\"==========\",\"color\":\"yellow\"},{\"text\":\"\\n\"},{\"text\":\"-\",\"color\":\"gold\"},{\"text\":\" \"},{\"text\":\"</field></block></value><value name=\"ADD3\"><block type=\"text\"><field name=\"TEXT\">/getdim</field><comment pinned=\"false\" h=\"80\" w=\"160\">Ecrire ici</comment></block></value><value name=\"ADD4\"><block type=\"text\"><field name=\"TEXT\">\",\"bold\":true,\"underlined\":true,\"color\":\"green\",\"clickEvent\":{\"action\":\"suggest_command\",\"value\":\"/getdim\"}},{\"text\":\" </field><comment pinned=\"false\" h=\"80\" w=\"160\">Ecrire ici</comment></block></value><value name=\"ADD5\"><block type=\"text\"><field name=\"TEXT\">Pour connaitre la dimension ou vous êtes</field><comment pinned=\"false\" h=\"80\" w=\"160\">Ecrire ici</comment></block></value><value name=\"ADD6\"><block type=\"text\"><field name=\"TEXT\">\",\"color\":\"aqua\"},{\"text\":\"\\n\"},{\"text\":\"-\",\"color\":\"gold\"},{\"text\":\" \"},{\"text\":\"</field></block></value><value name=\"ADD7\"><block type=\"text\"><field name=\"TEXT\">/gohome</field><comment pinned=\"false\" h=\"80\" w=\"160\">Ecrire ici</comment></block></value><value name=\"ADD8\"><block type=\"text\"><field name=\"TEXT\">\",\"bold\":true,\"underlined\":true,\"color\":\"green\",\"clickEvent\":{\"action\":\"suggest_command\",\"value\":\"/gohome\"}},{\"text\":\" </field><comment pinned=\"false\" h=\"80\" w=\"160\">Ecrire ici</comment></block></value><value name=\"ADD9\"><block type=\"text\"><field name=\"TEXT\">Pour vous téléporter au spawn ou a l'endroit ou vous avez mis votre block de home</field><comment pinned=\"false\" h=\"80\" w=\"160\">Ecrire ici</comment></block></value><value name=\"ADD10\"><block type=\"text\"><field name=\"TEXT\">\",\"color\":\"aqua\"},{\"text\":\"\\n\"},{\"text\":\"-\",\"color\":\"gold\"},{\"text\":\" \"},{\"text\":\"</field></block></value><value name=\"ADD11\"><block type=\"text\"><field name=\"TEXT\">/nether</field><comment pinned=\"false\" h=\"80\" w=\"160\">Ecrire ici</comment></block></value><value name=\"ADD12\"><block type=\"text\"><field name=\"TEXT\">\",\"bold\":true,\"underlined\":true,\"color\":\"green\",\"clickEvent\":{\"action\":\"suggest_command\",\"value\":\"/nether\"}},{\"text\":\" </field><comment pinned=\"false\" h=\"80\" w=\"160\">Ecrire ici</comment></block></value><value name=\"ADD13\"><block type=\"text\"><field name=\"TEXT\">Pour vous téléporter au nether</field><comment pinned=\"false\" h=\"80\" w=\"160\">Ecrire ici</comment></block></value><value name=\"ADD14\"><block type=\"text\"><field name=\"TEXT\">\",\"color\":\"aqua\"},{\"text\":\"\\n\"},{\"text\":\"-\",\"color\":\"gold\"},{\"text\":\" \"},{\"text\":\"</field></block></value><value name=\"ADD15\"><block type=\"text\"><field name=\"TEXT\">/map</field><comment pinned=\"false\" h=\"80\" w=\"160\">Ecrire ici</comment></block></value><value name=\"ADD16\"><block type=\"text\"><field name=\"TEXT\">\",\"bold\":true,\"underlined\":true,\"color\":\"green\",\"clickEvent\":{\"action\":\"suggest_command\",\"value\":\"/map\"}},{\"text\":\" </field><comment pinned=\"false\" h=\"80\" w=\"160\">Ecrire ici</comment></block></value><value name=\"ADD17\"><block type=\"text\"><field name=\"TEXT\">Pour ouvrir la map pour changer de serveur !</field><comment pinned=\"false\" h=\"80\" w=\"160\">Ecrire ici</comment></block></value><value name=\"ADD18\"><block type=\"text\"><field name=\"TEXT\">\",\"color\":\"aqua\"},{\"text\":\"\\n\"},{\"text\":\"-\",\"color\":\"gold\"},{\"text\":\" \"},{\"text\":\"</field></block></value><value name=\"ADD19\"><block type=\"text\"><field name=\"TEXT\">/profile</field><comment pinned=\"false\" h=\"80\" w=\"160\">Ecrire ici</comment></block></value><value name=\"ADD20\"><block type=\"text\"><field name=\"TEXT\">\",\"bold\":true,\"underlined\":true,\"color\":\"green\",\"clickEvent\":{\"action\":\"suggest_command\",\"value\":\"/profile\"}},{\"text\":\" </field><comment pinned=\"false\" h=\"80\" w=\"160\">Ecrire ici</comment></block></value><value name=\"ADD21\"><block type=\"text\"><field name=\"TEXT\">Ouvre le menu de profile ou vous pouvez trouvez quelques informations personnel comme le serveur, le rank, etc..</field><comment pinned=\"false\" h=\"80\" w=\"160\">Ecrire ici</comment></block></value><value name=\"ADD22\"><block type=\"text\"><field name=\"TEXT\">\",\"color\":\"aqua\"},{\"text\":\"\\n\"},{\"text\":\"========== \",\"color\":\"yellow\"},{\"text\":\"&lt;&lt;\",\"color\":\"dark_red\",\"clickEvent\":{\"action\":\"suggest_command\",\"value\":\"</field></block></value><value name=\"ADD23\"><block type=\"text\"><field name=\"TEXT\">/eriniumhelp 1</field><comment pinned=\"false\" h=\"80\" w=\"160\">Ecrire ici</comment></block></value><value name=\"ADD24\"><block type=\"text\"><field name=\"TEXT\">\"}},{\"text\":\" </field></block></value><value name=\"ADD25\"><block type=\"text\"><field name=\"TEXT\">Page 2</field><comment pinned=\"false\" h=\"80\" w=\"160\">Ecrire ici</comment></block></value><value name=\"ADD26\"><block type=\"text\"><field name=\"TEXT\">\",\"color\":\"green\"},{\"text\":\" \",\"color\":\"yellow\"},{\"text\":\"&gt;&gt;\",\"color\":\"dark_red\",\"clickEvent\":{\"action\":\"suggest_command\",\"value\":\"</field></block></value><value name=\"ADD27\"><block type=\"text\"><field name=\"TEXT\">/eriniumhelp 3</field><comment pinned=\"false\" h=\"80\" w=\"160\">Ecrire ici</comment></block></value><value name=\"ADD28\"><block type=\"text\"><field name=\"TEXT\">\"}},{\"text\":\" ==========\",\"color\":\"yellow\"}]</field></block></value></block></value><value name=\"x\"><block type=\"coord_x\"></block></value><value name=\"y\"><block type=\"coord_y\"></block></value><value name=\"z\"><block type=\"coord_z\"></block></value></block></statement><value name=\"IF2\"><block type=\"math_binary_ops\"><field name=\"OP\">EQ</field><value name=\"A\"><block type=\"get_command_parameter_number\"><field name=\"param\">page</field></block></value><value name=\"B\"><block type=\"math_number\"><field name=\"NUM\">3</field></block></value></block></value><statement name=\"DO2\"><block type=\"execute_command\"><value name=\"command\"><block type=\"text_join\"><mutation items=\"29\"></mutation><value name=\"ADD0\"><block type=\"text\"><field name=\"TEXT\">tellraw </field></block></value><value name=\"ADD1\"><block type=\"entity_name\"><value name=\"entity\"><block type=\"entity_from_deps\"></block></value></block></value><value name=\"ADD2\"><block type=\"text\"><field name=\"TEXT\"> [\"\",{\"text\":\"==========\",\"color\":\"yellow\"},{\"text\":\" Erinium Help \",\"bold\":true,\"color\":\"#BB0410\"},{\"text\":\"==========\",\"color\":\"yellow\"},{\"text\":\"\\n\"},{\"text\":\"-\",\"color\":\"gold\"},{\"text\":\" \"},{\"text\":\"</field></block></value><value name=\"ADD3\"><block type=\"text\"><field name=\"TEXT\">/rank</field><comment pinned=\"false\" h=\"80\" w=\"160\">Ecrire ici</comment></block></value><value name=\"ADD4\"><block type=\"text\"><field name=\"TEXT\">\",\"bold\":true,\"underlined\":true,\"color\":\"green\",\"clickEvent\":{\"action\":\"suggest_command\",\"value\":\"/rank\"}},{\"text\":\" </field><comment pinned=\"false\" h=\"80\" w=\"160\">Ecrire ici</comment></block></value><value name=\"ADD5\"><block type=\"text\"><field name=\"TEXT\">Ouvre le menu de rank</field><comment pinned=\"false\" h=\"80\" w=\"160\">Ecrire ici</comment></block></value><value name=\"ADD6\"><block type=\"text\"><field name=\"TEXT\">\",\"color\":\"aqua\"},{\"text\":\"\\n\"},{\"text\":\"-\",\"color\":\"gold\"},{\"text\":\" \"},{\"text\":\"</field></block></value><value name=\"ADD7\"><block type=\"text\"><field name=\"TEXT\">/rankoverlaysettings</field><comment pinned=\"false\" h=\"80\" w=\"160\">Ecrire ici</comment></block></value><value name=\"ADD8\"><block type=\"text\"><field name=\"TEXT\">\",\"bold\":true,\"underlined\":true,\"color\":\"green\",\"clickEvent\":{\"action\":\"suggest_command\",\"value\":\"/rankoverlaysettings\"}},{\"text\":\" </field><comment pinned=\"false\" h=\"80\" w=\"160\">Ecrire ici</comment></block></value><value name=\"ADD9\"><block type=\"text\"><field name=\"TEXT\">Change les paramètres de l'overlay quand vous gagnez de l'xp</field><comment pinned=\"false\" h=\"80\" w=\"160\">Ecrire ici</comment></block></value><value name=\"ADD10\"><block type=\"text\"><field name=\"TEXT\">\",\"color\":\"aqua\"},{\"text\":\"\\n\"},{\"text\":\"-\",\"color\":\"gold\"},{\"text\":\" \"},{\"text\":\"</field></block></value><value name=\"ADD11\"><block type=\"text\"><field name=\"TEXT\">/rtpdim</field><comment pinned=\"false\" h=\"80\" w=\"160\">Ecrire ici</comment></block></value><value name=\"ADD12\"><block type=\"text\"><field name=\"TEXT\">\",\"bold\":true,\"underlined\":true,\"color\":\"green\",\"clickEvent\":{\"action\":\"suggest_command\",\"value\":\"/rtpdim\"}},{\"text\":\" </field><comment pinned=\"false\" h=\"80\" w=\"160\">Ecrire ici</comment></block></value><value name=\"ADD13\"><block type=\"text\"><field name=\"TEXT\">Vous téléporte à un endoit aléatoire dans le map si la commande est activée sur le serveur </field><comment pinned=\"false\" h=\"80\" w=\"160\">Ecrire ici</comment></block></value><value name=\"ADD14\"><block type=\"text\"><field name=\"TEXT\">\",\"color\":\"aqua\"},{\"text\":\"\\n\"},{\"text\":\"-\",\"color\":\"gold\"},{\"text\":\" \"},{\"text\":\"</field></block></value><value name=\"ADD15\"><block type=\"text\"><field name=\"TEXT\">/serverlanguage</field><comment pinned=\"false\" h=\"80\" w=\"160\">Ecrire ici</comment></block></value><value name=\"ADD16\"><block type=\"text\"><field name=\"TEXT\">\",\"bold\":true,\"underlined\":true,\"color\":\"green\",\"clickEvent\":{\"action\":\"suggest_command\",\"value\":\"/serverlanguage &lt;FR/EN&gt;\"}},{\"text\":\" </field><comment pinned=\"false\" h=\"80\" w=\"160\">Ecrire ici</comment></block></value><value name=\"ADD17\"><block type=\"text\"><field name=\"TEXT\">Pour changer la langue du serveur, les messages que le mod vous enverra sera traduit par la langue choisi</field><comment pinned=\"false\" h=\"80\" w=\"160\">Ecrire ici</comment></block></value><value name=\"ADD18\"><block type=\"text\"><field name=\"TEXT\">\",\"color\":\"aqua\"},{\"text\":\"\\n\"},{\"text\":\"-\",\"color\":\"gold\"},{\"text\":\" \"},{\"text\":\"</field></block></value><value name=\"ADD19\"><block type=\"text\"><field name=\"TEXT\">/maintenance</field><comment pinned=\"false\" h=\"80\" w=\"160\">Ecrire ici</comment></block></value><value name=\"ADD20\"><block type=\"text\"><field name=\"TEXT\">\",\"bold\":true,\"underlined\":true,\"color\":\"green\",\"clickEvent\":{\"action\":\"suggest_command\",\"value\":\"/maintenance\"}},{\"text\":\" </field><comment pinned=\"false\" h=\"80\" w=\"160\">Ecrire ici</comment></block></value><value name=\"ADD21\"><block type=\"text\"><field name=\"TEXT\">§4ADMIN §bOuvre le menu de maintenance</field><comment pinned=\"false\" h=\"80\" w=\"160\">Ecrire ici</comment></block></value><value name=\"ADD22\"><block type=\"text\"><field name=\"TEXT\">\",\"color\":\"aqua\"},{\"text\":\"\\n\"},{\"text\":\"========== \",\"color\":\"yellow\"},{\"text\":\"&lt;&lt;\",\"color\":\"dark_red\",\"clickEvent\":{\"action\":\"suggest_command\",\"value\":\"</field></block></value><value name=\"ADD23\"><block type=\"text\"><field name=\"TEXT\">/eriniumhelp 2</field><comment pinned=\"false\" h=\"80\" w=\"160\">Ecrire ici</comment></block></value><value name=\"ADD24\"><block type=\"text\"><field name=\"TEXT\">\"}},{\"text\":\" </field></block></value><value name=\"ADD25\"><block type=\"text\"><field name=\"TEXT\">Page 3</field><comment pinned=\"false\" h=\"80\" w=\"160\">Ecrire ici</comment></block></value><value name=\"ADD26\"><block type=\"text\"><field name=\"TEXT\">\",\"color\":\"green\"},{\"text\":\" \",\"color\":\"yellow\"},{\"text\":\"&gt;&gt;\",\"color\":\"dark_red\",\"clickEvent\":{\"action\":\"suggest_command\",\"value\":\"</field></block></value><value name=\"ADD27\"><block type=\"text\"><field name=\"TEXT\">/eriniumhelp 4</field><comment pinned=\"false\" h=\"80\" w=\"160\">Ecrire ici</comment></block></value><value name=\"ADD28\"><block type=\"text\"><field name=\"TEXT\">\"}},{\"text\":\" ==========\",\"color\":\"yellow\"}]</field></block></value></block></value><value name=\"x\"><block type=\"coord_x\"></block></value><value name=\"y\"><block type=\"coord_y\"></block></value><value name=\"z\"><block type=\"coord_z\"></block></value></block></statement><value name=\"IF3\"><block type=\"math_binary_ops\"><field name=\"OP\">EQ</field><value name=\"A\"><block type=\"get_command_parameter_number\"><field name=\"param\">page</field></block></value><value name=\"B\"><block type=\"math_number\"><field name=\"NUM\">4</field></block></value></block></value><statement name=\"DO3\"><block type=\"execute_command\"><value name=\"command\"><block type=\"text_join\"><mutation items=\"29\"></mutation><value name=\"ADD0\"><block type=\"text\"><field name=\"TEXT\">tellraw </field></block></value><value name=\"ADD1\"><block type=\"entity_name\"><value name=\"entity\"><block type=\"entity_from_deps\"></block></value></block></value><value name=\"ADD2\"><block type=\"text\"><field name=\"TEXT\"> [\"\",{\"text\":\"==========\",\"color\":\"yellow\"},{\"text\":\" Erinium Help \",\"bold\":true,\"color\":\"#BB0410\"},{\"text\":\"==========\",\"color\":\"yellow\"},{\"text\":\"\\n\"},{\"text\":\"-\",\"color\":\"gold\"},{\"text\":\" \"},{\"text\":\"</field></block></value><value name=\"ADD3\"><block type=\"text\"><field name=\"TEXT\">/nethermaintenance</field><comment pinned=\"false\" h=\"80\" w=\"160\">Ecrire ici</comment></block></value><value name=\"ADD4\"><block type=\"text\"><field name=\"TEXT\">\",\"bold\":true,\"underlined\":true,\"color\":\"green\",\"clickEvent\":{\"action\":\"suggest_command\",\"value\":\"/nethermaintenance\"}},{\"text\":\" </field><comment pinned=\"false\" h=\"80\" w=\"160\">Ecrire ici</comment></block></value><value name=\"ADD5\"><block type=\"text\"><field name=\"TEXT\">§4ADMIN §bOuvre le menu de maintenance pour le nether</field><comment pinned=\"false\" h=\"80\" w=\"160\">Ecrire ici</comment></block></value><value name=\"ADD6\"><block type=\"text\"><field name=\"TEXT\">\",\"color\":\"aqua\"},{\"text\":\"\\n\"},{\"text\":\"-\",\"color\":\"gold\"},{\"text\":\" \"},{\"text\":\"</field></block></value><value name=\"ADD7\"><block type=\"text\"><field name=\"TEXT\">/setnetherspawn</field><comment pinned=\"false\" h=\"80\" w=\"160\">Ecrire ici</comment></block></value><value name=\"ADD8\"><block type=\"text\"><field name=\"TEXT\">\",\"bold\":true,\"underlined\":true,\"color\":\"green\",\"clickEvent\":{\"action\":\"suggest_command\",\"value\":\"/setnetherspawn\"}},{\"text\":\" </field><comment pinned=\"false\" h=\"80\" w=\"160\">Ecrire ici</comment></block></value><value name=\"ADD9\"><block type=\"text\"><field name=\"TEXT\">§4ADMIN §bPour changer le spawn du nether</field><comment pinned=\"false\" h=\"80\" w=\"160\">Ecrire ici</comment></block></value><value name=\"ADD10\"><block type=\"text\"><field name=\"TEXT\">\",\"color\":\"aqua\"},{\"text\":\"\\n\"},{\"text\":\"-\",\"color\":\"gold\"},{\"text\":\" \"},{\"text\":\"</field></block></value><value name=\"ADD11\"><block type=\"text\"><field name=\"TEXT\">/toggleessential</field><comment pinned=\"false\" h=\"80\" w=\"160\">Ecrire ici</comment></block></value><value name=\"ADD12\"><block type=\"text\"><field name=\"TEXT\">\",\"bold\":true,\"underlined\":true,\"color\":\"green\",\"clickEvent\":{\"action\":\"suggest_command\",\"value\":\"/toggleessential\"}},{\"text\":\" </field><comment pinned=\"false\" h=\"80\" w=\"160\">Ecrire ici</comment></block></value><value name=\"ADD13\"><block type=\"text\"><field name=\"TEXT\">§4ADMIN §bActive la relation avec le plugin EssentialsX si il est activer</field><comment pinned=\"false\" h=\"80\" w=\"160\">Ecrire ici</comment></block></value><value name=\"ADD14\"><block type=\"text\"><field name=\"TEXT\">\",\"color\":\"aqua\"},{\"text\":\"\\n\"},{\"text\":\"-\",\"color\":\"gold\"},{\"text\":\" \"},{\"text\":\"</field></block></value><value name=\"ADD15\"><block type=\"text\"><field name=\"TEXT\">/enablecustomchat</field><comment pinned=\"false\" h=\"80\" w=\"160\">Ecrire ici</comment></block></value><value name=\"ADD16\"><block type=\"text\"><field name=\"TEXT\">\",\"bold\":true,\"underlined\":true,\"color\":\"green\",\"clickEvent\":{\"action\":\"suggest_command\",\"value\":\"/enablecustomchat &lt;FR/EN&gt;\"}},{\"text\":\" </field><comment pinned=\"false\" h=\"80\" w=\"160\">Ecrire ici</comment></block></value><value name=\"ADD17\"><block type=\"text\"><field name=\"TEXT\">§4ADMIN §bActive le chat custom</field><comment pinned=\"false\" h=\"80\" w=\"160\">Ecrire ici</comment></block></value><value name=\"ADD18\"><block type=\"text\"><field name=\"TEXT\">\",\"color\":\"aqua\"},{\"text\":\"\\n\"},{\"text\":\"-\",\"color\":\"gold\"},{\"text\":\" \"},{\"text\":\"</field></block></value><value name=\"ADD19\"><block type=\"text\"><field name=\"TEXT\">/EriniumRank</field><comment pinned=\"false\" h=\"80\" w=\"160\">Ecrire ici</comment></block></value><value name=\"ADD20\"><block type=\"text\"><field name=\"TEXT\">\",\"bold\":true,\"underlined\":true,\"color\":\"green\",\"clickEvent\":{\"action\":\"suggest_command\",\"value\":\"/EriniumRank\"}},{\"text\":\" </field><comment pinned=\"false\" h=\"80\" w=\"160\">Ecrire ici</comment></block></value><value name=\"ADD21\"><block type=\"text\"><field name=\"TEXT\">§4ADMIN §bChange les valeurs du rank d'un joueur selon les paramètres</field><comment pinned=\"false\" h=\"80\" w=\"160\">Ecrire ici</comment></block></value><value name=\"ADD22\"><block type=\"text\"><field name=\"TEXT\">\",\"color\":\"aqua\"},{\"text\":\"\\n\"},{\"text\":\"========== \",\"color\":\"yellow\"},{\"text\":\"&lt;&lt;\",\"color\":\"dark_red\",\"clickEvent\":{\"action\":\"suggest_command\",\"value\":\"</field></block></value><value name=\"ADD23\"><block type=\"text\"><field name=\"TEXT\">/eriniumhelp 3</field><comment pinned=\"false\" h=\"80\" w=\"160\">Ecrire ici</comment></block></value><value name=\"ADD24\"><block type=\"text\"><field name=\"TEXT\">\"}},{\"text\":\" </field></block></value><value name=\"ADD25\"><block type=\"text\"><field name=\"TEXT\">Page 4</field><comment pinned=\"false\" h=\"80\" w=\"160\">Ecrire ici</comment></block></value><value name=\"ADD26\"><block type=\"text\"><field name=\"TEXT\">\",\"color\":\"green\"},{\"text\":\" \",\"color\":\"yellow\"},{\"text\":\"&gt;&gt;\",\"color\":\"dark_red\",\"clickEvent\":{\"action\":\"suggest_command\",\"value\":\"</field></block></value><value name=\"ADD27\"><block type=\"text\"><field name=\"TEXT\">/eriniumhelp 5</field><comment pinned=\"false\" h=\"80\" w=\"160\">Ecrire ici</comment></block></value><value name=\"ADD28\"><block type=\"text\"><field name=\"TEXT\">\"}},{\"text\":\" ==========\",\"color\":\"yellow\"}]</field></block></value></block></value><value name=\"x\"><block type=\"coord_x\"></block></value><value name=\"y\"><block type=\"coord_y\"></block></value><value name=\"z\"><block type=\"coord_z\"></block></value></block></statement><value name=\"IF4\"><block type=\"math_binary_ops\"><field name=\"OP\">EQ</field><value name=\"A\"><block type=\"get_command_parameter_number\"><field name=\"param\">page</field></block></value><value name=\"B\"><block type=\"math_number\"><field name=\"NUM\">5</field></block></value></block></value><statement name=\"DO4\"><block type=\"execute_command\"><value name=\"command\"><block type=\"text_join\"><mutation items=\"29\"></mutation><value name=\"ADD0\"><block type=\"text\"><field name=\"TEXT\">tellraw </field></block></value><value name=\"ADD1\"><block type=\"entity_name\"><value name=\"entity\"><block type=\"entity_from_deps\"></block></value></block></value><value name=\"ADD2\"><block type=\"text\"><field name=\"TEXT\"> [\"\",{\"text\":\"==========\",\"color\":\"yellow\"},{\"text\":\" Erinium Help \",\"bold\":true,\"color\":\"#BB0410\"},{\"text\":\"==========\",\"color\":\"yellow\"},{\"text\":\"\\n\"},{\"text\":\"-\",\"color\":\"gold\"},{\"text\":\" \"},{\"text\":\"</field></block></value><value name=\"ADD3\"><block type=\"text\"><field name=\"TEXT\">/eriniumreloadvariables</field><comment pinned=\"false\" h=\"80\" w=\"160\">Ecrire ici</comment></block></value><value name=\"ADD4\"><block type=\"text\"><field name=\"TEXT\">\",\"bold\":true,\"underlined\":true,\"color\":\"green\",\"clickEvent\":{\"action\":\"suggest_command\",\"value\":\"/eriniumreloadvariables\"}},{\"text\":\" </field><comment pinned=\"false\" h=\"80\" w=\"160\">Ecrire ici</comment></block></value><value name=\"ADD5\"><block type=\"text\"><field name=\"TEXT\">§4ADMIN §bMet à jour les variables si vous avez modifier le config.json dans le dossier de config Erinium</field><comment pinned=\"false\" h=\"80\" w=\"160\">Ecrire ici</comment></block></value><value name=\"ADD6\"><block type=\"text\"><field name=\"TEXT\">\",\"color\":\"aqua\"},{\"text\":\"\\n\"},{\"text\":\"-\",\"color\":\"gold\"},{\"text\":\" \"},{\"text\":\"</field></block></value><value name=\"ADD7\"><block type=\"text\"><field name=\"TEXT\">/listplayer</field><comment pinned=\"false\" h=\"80\" w=\"160\">Ecrire ici</comment></block></value><value name=\"ADD8\"><block type=\"text\"><field name=\"TEXT\">\",\"bold\":true,\"underlined\":true,\"color\":\"green\",\"clickEvent\":{\"action\":\"suggest_command\",\"value\":\"/listplayer\"}},{\"text\":\" </field><comment pinned=\"false\" h=\"80\" w=\"160\">Ecrire ici</comment></block></value><value name=\"ADD9\"><block type=\"text\"><field name=\"TEXT\">§4ADMIN §bDonne la liste des joueurs dans différents serveurs</field><comment pinned=\"false\" h=\"80\" w=\"160\">Ecrire ici</comment></block></value><value name=\"ADD10\"><block type=\"text\"><field name=\"TEXT\">\",\"color\":\"aqua\"},{\"text\":\"\\n\"},{\"text\":\"-\",\"color\":\"gold\"},{\"text\":\" \"},{\"text\":\"</field></block></value><value name=\"ADD11\"><block type=\"text\"><field name=\"TEXT\">/reloadmaxplayer</field><comment pinned=\"false\" h=\"80\" w=\"160\">Ecrire ici</comment></block></value><value name=\"ADD12\"><block type=\"text\"><field name=\"TEXT\">\",\"bold\":true,\"underlined\":true,\"color\":\"green\",\"clickEvent\":{\"action\":\"suggest_command\",\"value\":\"/reloadmaxplayer\"}},{\"text\":\" </field><comment pinned=\"false\" h=\"80\" w=\"160\">Ecrire ici</comment></block></value><value name=\"ADD13\"><block type=\"text\"><field name=\"TEXT\">§4ADMIN §bModifie le nombre de joueurs maximum par serveurs après avoir modifier le fichier de config erinium</field><comment pinned=\"false\" h=\"80\" w=\"160\">Ecrire ici</comment></block></value><value name=\"ADD14\"><block type=\"text\"><field name=\"TEXT\">\",\"color\":\"aqua\"},{\"text\":\"\\n\"},{\"text\":\"-\",\"color\":\"gold\"},{\"text\":\" \"},{\"text\":\"</field></block></value><value name=\"ADD15\"><block type=\"text\"><field name=\"TEXT\">/enablecustomchat</field><comment pinned=\"false\" h=\"80\" w=\"160\">Ecrire ici</comment></block></value><value name=\"ADD16\"><block type=\"text\"><field name=\"TEXT\">\",\"bold\":true,\"underlined\":true,\"color\":\"green\",\"clickEvent\":{\"action\":\"suggest_command\",\"value\":\"/enablecustomchat\"}},{\"text\":\" </field><comment pinned=\"false\" h=\"80\" w=\"160\">Ecrire ici</comment></block></value><value name=\"ADD17\"><block type=\"text\"><field name=\"TEXT\">§4ADMIN §bActive le chat custom</field><comment pinned=\"false\" h=\"80\" w=\"160\">Ecrire ici</comment></block></value><value name=\"ADD18\"><block type=\"text\"><field name=\"TEXT\">\",\"color\":\"aqua\"},{\"text\":\"\\n\"},{\"text\":\"-\",\"color\":\"gold\"},{\"text\":\" \"},{\"text\":\"</field></block></value><value name=\"ADD19\"><block type=\"text\"><field name=\"TEXT\">/setserverspawn</field><comment pinned=\"false\" h=\"80\" w=\"160\">Ecrire ici</comment></block></value><value name=\"ADD20\"><block type=\"text\"><field name=\"TEXT\">\",\"bold\":true,\"underlined\":true,\"color\":\"green\",\"clickEvent\":{\"action\":\"suggest_command\",\"value\":\"/setserverspawn\"}},{\"text\":\" </field><comment pinned=\"false\" h=\"80\" w=\"160\">Ecrire ici</comment></block></value><value name=\"ADD21\"><block type=\"text\"><field name=\"TEXT\">§4ADMIN §bChange le point de spawn pour les serveurs (alpha, beta, charlie, minage01, minage02, minage03)</field><comment pinned=\"false\" h=\"80\" w=\"160\">Ecrire ici</comment></block></value><value name=\"ADD22\"><block type=\"text\"><field name=\"TEXT\">\",\"color\":\"aqua\"},{\"text\":\"\\n\"},{\"text\":\"========== \",\"color\":\"yellow\"},{\"text\":\"&lt;&lt;\",\"color\":\"dark_red\",\"clickEvent\":{\"action\":\"suggest_command\",\"value\":\"</field></block></value><value name=\"ADD23\"><block type=\"text\"><field name=\"TEXT\">/eriniumhelp 4</field><comment pinned=\"false\" h=\"80\" w=\"160\">Ecrire ici</comment></block></value><value name=\"ADD24\"><block type=\"text\"><field name=\"TEXT\">\"}},{\"text\":\" </field></block></value><value name=\"ADD25\"><block type=\"text\"><field name=\"TEXT\">Page 5</field><comment pinned=\"false\" h=\"80\" w=\"160\">Ecrire ici</comment></block></value><value name=\"ADD26\"><block type=\"text\"><field name=\"TEXT\">\",\"color\":\"green\"},{\"text\":\" \",\"color\":\"yellow\"},{\"text\":\"&gt;&gt;\",\"color\":\"dark_red\",\"clickEvent\":{\"action\":\"suggest_command\",\"value\":\"</field></block></value><value name=\"ADD27\"><block type=\"text\"><field name=\"TEXT\">/eriniumhelp 6</field><comment pinned=\"false\" h=\"80\" w=\"160\">Ecrire ici</comment></block></value><value name=\"ADD28\"><block type=\"text\"><field name=\"TEXT\">\"}},{\"text\":\" ==========\",\"color\":\"yellow\"}]</field></block></value></block></value><value name=\"x\"><block type=\"coord_x\"></block></value><value name=\"y\"><block type=\"coord_y\"></block></value><value name=\"z\"><block type=\"coord_z\"></block></value></block></statement><value name=\"IF5\"><block type=\"math_binary_ops\"><field name=\"OP\">EQ</field><value name=\"A\"><block type=\"get_command_parameter_number\"><field name=\"param\">page</field></block></value><value name=\"B\"><block type=\"math_number\"><field name=\"NUM\">6</field></block></value></block></value><statement name=\"DO5\"><block type=\"execute_command\"><value name=\"command\"><block type=\"text_join\"><mutation items=\"29\"></mutation><value name=\"ADD0\"><block type=\"text\"><field name=\"TEXT\">tellraw </field></block></value><value name=\"ADD1\"><block type=\"entity_name\"><value name=\"entity\"><block type=\"entity_from_deps\"></block></value></block></value><value name=\"ADD2\"><block type=\"text\"><field name=\"TEXT\"> [\"\",{\"text\":\"==========\",\"color\":\"yellow\"},{\"text\":\" Erinium Help \",\"bold\":true,\"color\":\"#BB0410\"},{\"text\":\"==========\",\"color\":\"yellow\"},{\"text\":\"\\n\"},{\"text\":\"-\",\"color\":\"gold\"},{\"text\":\" \"},{\"text\":\"</field></block></value><value name=\"ADD3\"><block type=\"text\"><field name=\"TEXT\">/swapserver</field><comment pinned=\"false\" h=\"80\" w=\"160\">Ecrire ici</comment></block></value><value name=\"ADD4\"><block type=\"text\"><field name=\"TEXT\">\",\"bold\":true,\"underlined\":true,\"color\":\"green\",\"clickEvent\":{\"action\":\"suggest_command\",\"value\":\"/swapserver\"}},{\"text\":\" </field><comment pinned=\"false\" h=\"80\" w=\"160\">Ecrire ici</comment></block></value><value name=\"ADD5\"><block type=\"text\"><field name=\"TEXT\">§4ADMIN §bPermet de changer de serveurs sans la contrainte de la maintenance ou du nombre de joueurs</field><comment pinned=\"false\" h=\"80\" w=\"160\">Ecrire ici</comment></block></value><value name=\"ADD6\"><block type=\"text\"><field name=\"TEXT\">\",\"color\":\"aqua\"},{\"text\":\"\\n\"},{\"text\":\"-\",\"color\":\"gold\"},{\"text\":\" \"},{\"text\":\"</field></block></value><value name=\"ADD7\"><block type=\"text\"><field name=\"TEXT\">/togglemoddedfeatures</field><comment pinned=\"false\" h=\"80\" w=\"160\">Ecrire ici</comment></block></value><value name=\"ADD8\"><block type=\"text\"><field name=\"TEXT\">\",\"bold\":true,\"underlined\":true,\"color\":\"green\",\"clickEvent\":{\"action\":\"suggest_command\",\"value\":\"/togglemoddedfeatures\"}},{\"text\":\" </field><comment pinned=\"false\" h=\"80\" w=\"160\">Ecrire ici</comment></block></value><value name=\"ADD9\"><block type=\"text\"><field name=\"TEXT\">§4ADMIN §bActives les items/blocks réserver a la partie minecraft moddé</field><comment pinned=\"false\" h=\"80\" w=\"160\">Ecrire ici</comment></block></value><value name=\"ADD10\"><block type=\"text\"><field name=\"TEXT\">\",\"color\":\"aqua\"},{\"text\":\"\\n\"},{\"text\":\"-\",\"color\":\"gold\"},{\"text\":\" \"},{\"text\":\"</field></block></value><value name=\"ADD11\"><block type=\"text\"><field name=\"TEXT\">/debugitem</field><comment pinned=\"false\" h=\"80\" w=\"160\">Ecrire ici</comment></block></value><value name=\"ADD12\"><block type=\"text\"><field name=\"TEXT\">\",\"bold\":true,\"underlined\":true,\"color\":\"green\",\"clickEvent\":{\"action\":\"suggest_command\",\"value\":\"/debugitem\"}},{\"text\":\" </field><comment pinned=\"false\" h=\"80\" w=\"160\">Ecrire ici</comment></block></value><value name=\"ADD13\"><block type=\"text\"><field name=\"TEXT\">§4OP §bPermet d'avoir des informations de l'item dans la main</field><comment pinned=\"false\" h=\"80\" w=\"160\">Ecrire ici</comment></block></value><value name=\"ADD14\"><block type=\"text\"><field name=\"TEXT\">\",\"color\":\"aqua\"},{\"text\":\"\\n\"},{\"text\":\"-\",\"color\":\"gold\"},{\"text\":\" \"},{\"text\":\"</field></block></value><value name=\"ADD15\"><block type=\"text\"><field name=\"TEXT\">/eriniumgemme</field><comment pinned=\"false\" h=\"80\" w=\"160\">Ecrire ici</comment></block></value><value name=\"ADD16\"><block type=\"text\"><field name=\"TEXT\">\",\"bold\":true,\"underlined\":true,\"color\":\"green\",\"clickEvent\":{\"action\":\"suggest_command\",\"value\":\"/eriniumgemme\"}},{\"text\":\" </field><comment pinned=\"false\" h=\"80\" w=\"160\">Ecrire ici</comment></block></value><value name=\"ADD17\"><block type=\"text\"><field name=\"TEXT\">§4OP §bPermet de modifier le nombre de gemme d'un joueur</field><comment pinned=\"false\" h=\"80\" w=\"160\">Ecrire ici</comment></block></value><value name=\"ADD18\"><block type=\"text\"><field name=\"TEXT\">\",\"color\":\"aqua\"},{\"text\":\"\\n\"},{\"text\":\"-\",\"color\":\"gold\"},{\"text\":\" \"},{\"text\":\"</field></block></value><value name=\"ADD19\"><block type=\"text\"><field name=\"TEXT\">/AucuneCommande</field><comment pinned=\"false\" h=\"80\" w=\"160\">Ecrire ici</comment></block></value><value name=\"ADD20\"><block type=\"text\"><field name=\"TEXT\">\",\"bold\":true,\"underlined\":true,\"color\":\"green\",\"clickEvent\":{\"action\":\"suggest_command\",\"value\":\"/nothing\"}},{\"text\":\" </field><comment pinned=\"false\" h=\"80\" w=\"160\">Ecrire ici</comment></block></value><value name=\"ADD21\"><block type=\"text\"><field name=\"TEXT\">Y a rien ici parce que askip y a rien</field><comment pinned=\"false\" h=\"80\" w=\"160\">Ecrire ici</comment></block></value><value name=\"ADD22\"><block type=\"text\"><field name=\"TEXT\">\",\"color\":\"aqua\"},{\"text\":\"\\n\"},{\"text\":\"========== \",\"color\":\"yellow\"},{\"text\":\"&lt;&lt;\",\"color\":\"dark_red\",\"clickEvent\":{\"action\":\"suggest_command\",\"value\":\"</field></block></value><value name=\"ADD23\"><block type=\"text\"><field name=\"TEXT\">/eriniumhelp 5</field><comment pinned=\"false\" h=\"80\" w=\"160\">Ecrire ici</comment></block></value><value name=\"ADD24\"><block type=\"text\"><field name=\"TEXT\">\"}},{\"text\":\" </field></block></value><value name=\"ADD25\"><block type=\"text\"><field name=\"TEXT\">Page 6</field><comment pinned=\"false\" h=\"80\" w=\"160\">Ecrire ici</comment></block></value><value name=\"ADD26\"><block type=\"text\"><field name=\"TEXT\">\",\"color\":\"green\"},{\"text\":\" \",\"color\":\"yellow\"},{\"text\":\"&gt;&gt;\",\"color\":\"dark_red\",\"clickEvent\":{\"action\":\"suggest_command\",\"value\":\"</field></block></value><value name=\"ADD27\"><block type=\"text\"><field name=\"TEXT\">/eriniumhelp 6</field><comment pinned=\"false\" h=\"80\" w=\"160\">Ecrire ici</comment></block></value><value name=\"ADD28\"><block type=\"text\"><field name=\"TEXT\">\"}},{\"text\":\" ==========\",\"color\":\"yellow\"}]</field></block></value></block></value><value name=\"x\"><block type=\"coord_x\"></block></value><value name=\"y\"><block type=\"coord_y\"></block></value><value name=\"z\"><block type=\"coord_z\"></block></value></block></statement><statement name=\"ELSE\"><block type=\"execute_command\"><value name=\"command\"><block type=\"text_join\"><mutation items=\"29\"></mutation><value name=\"ADD0\"><block type=\"text\"><field name=\"TEXT\">tellraw </field></block></value><value name=\"ADD1\"><block type=\"entity_name\"><value name=\"entity\"><block type=\"entity_from_deps\"></block></value></block></value><value name=\"ADD2\"><block type=\"text\"><field name=\"TEXT\"> [\"\",{\"text\":\"==========\",\"color\":\"yellow\"},{\"text\":\" Erinium Help \",\"bold\":true,\"color\":\"#BB0410\"},{\"text\":\"==========\",\"color\":\"yellow\"},{\"text\":\"\\n\"},{\"text\":\"-\",\"color\":\"gold\"},{\"text\":\" \"},{\"text\":\"</field></block></value><value name=\"ADD3\"><block type=\"text\"><field name=\"TEXT\">/alchemistsell</field><comment pinned=\"false\" h=\"80\" w=\"160\">Ecrire ici</comment></block></value><value name=\"ADD4\"><block type=\"text\"><field name=\"TEXT\">\",\"bold\":true,\"underlined\":true,\"color\":\"green\",\"clickEvent\":{\"action\":\"suggest_command\",\"value\":\"/alchemistsell\"}},{\"text\":\" </field><comment pinned=\"false\" h=\"80\" w=\"160\">Ecrire ici</comment></block></value><value name=\"ADD5\"><block type=\"text\"><field name=\"TEXT\">Vend toutes vos bouteilles d'amenine pour gagner de l'xp</field><comment pinned=\"false\" h=\"80\" w=\"160\">Ecrire ici</comment></block></value><value name=\"ADD6\"><block type=\"text\"><field name=\"TEXT\">\",\"color\":\"aqua\"},{\"text\":\"\\n\"},{\"text\":\"-\",\"color\":\"gold\"},{\"text\":\" \"},{\"text\":\"</field></block></value><value name=\"ADD7\"><block type=\"text\"><field name=\"TEXT\">/credit</field><comment pinned=\"false\" h=\"80\" w=\"160\">Ecrire ici</comment></block></value><value name=\"ADD8\"><block type=\"text\"><field name=\"TEXT\">\",\"bold\":true,\"underlined\":true,\"color\":\"green\",\"clickEvent\":{\"action\":\"suggest_command\",\"value\":\"/credit\"}},{\"text\":\" </field><comment pinned=\"false\" h=\"80\" w=\"160\">Ecrire ici</comment></block></value><value name=\"ADD9\"><block type=\"text\"><field name=\"TEXT\">Pour connaitre votre crédit</field><comment pinned=\"false\" h=\"80\" w=\"160\">Ecrire ici</comment></block></value><value name=\"ADD10\"><block type=\"text\"><field name=\"TEXT\">\",\"color\":\"aqua\"},{\"text\":\"\\n\"},{\"text\":\"-\",\"color\":\"gold\"},{\"text\":\" \"},{\"text\":\"</field></block></value><value name=\"ADD11\"><block type=\"text\"><field name=\"TEXT\">/credit-to-ftb-money</field><comment pinned=\"false\" h=\"80\" w=\"160\">Ecrire ici</comment></block></value><value name=\"ADD12\"><block type=\"text\"><field name=\"TEXT\">\",\"bold\":true,\"underlined\":true,\"color\":\"green\",\"clickEvent\":{\"action\":\"suggest_command\",\"value\":\"/credit-to-ftb-money &lt;amount&gt;\"}},{\"text\":\" </field><comment pinned=\"false\" h=\"80\" w=\"160\">Ecrire ici</comment></block></value><value name=\"ADD13\"><block type=\"text\"><field name=\"TEXT\">Converti votre crédit en money du mod FTB money</field><comment pinned=\"false\" h=\"80\" w=\"160\">Ecrire ici</comment></block></value><value name=\"ADD14\"><block type=\"text\"><field name=\"TEXT\">\",\"color\":\"aqua\"},{\"text\":\"\\n\"},{\"text\":\"-\",\"color\":\"gold\"},{\"text\":\" \"},{\"text\":\"</field></block></value><value name=\"ADD15\"><block type=\"text\"><field name=\"TEXT\">/credittomoney</field><comment pinned=\"false\" h=\"80\" w=\"160\">Ecrire ici</comment></block></value><value name=\"ADD16\"><block type=\"text\"><field name=\"TEXT\">\",\"bold\":true,\"underlined\":true,\"color\":\"green\",\"clickEvent\":{\"action\":\"suggest_command\",\"value\":\"/credittomoney\"}},{\"text\":\" </field><comment pinned=\"false\" h=\"80\" w=\"160\">Ecrire ici</comment></block></value><value name=\"ADD17\"><block type=\"text\"><field name=\"TEXT\">Converti votre crédit en money du plugin essentialsX si il est activer sur le serveur</field><comment pinned=\"false\" h=\"80\" w=\"160\">Ecrire ici</comment></block></value><value name=\"ADD18\"><block type=\"text\"><field name=\"TEXT\">\",\"color\":\"aqua\"},{\"text\":\"\\n\"},{\"text\":\"-\",\"color\":\"gold\"},{\"text\":\" \"},{\"text\":\"</field></block></value><value name=\"ADD19\"><block type=\"text\"><field name=\"TEXT\">/wiki</field><comment pinned=\"false\" h=\"80\" w=\"160\">Ecrire ici</comment></block></value><value name=\"ADD20\"><block type=\"text\"><field name=\"TEXT\">\",\"bold\":true,\"underlined\":true,\"color\":\"green\",\"clickEvent\":{\"action\":\"suggest_command\",\"value\":\"/wiki\"}},{\"text\":\" </field><comment pinned=\"false\" h=\"80\" w=\"160\">Ecrire ici</comment></block></value><value name=\"ADD21\"><block type=\"text\"><field name=\"TEXT\">Donne le lien du wiki d'erinium</field><comment pinned=\"false\" h=\"80\" w=\"160\">Ecrire ici</comment></block></value><value name=\"ADD22\"><block type=\"text\"><field name=\"TEXT\">\",\"color\":\"aqua\"},{\"text\":\"\\n\"},{\"text\":\"========== \",\"color\":\"yellow\"},{\"text\":\"&lt;&lt;\",\"color\":\"dark_red\",\"clickEvent\":{\"action\":\"suggest_command\",\"value\":\"</field></block></value><value name=\"ADD23\"><block type=\"text\"><field name=\"TEXT\">/eriniumhelp 1</field><comment pinned=\"false\" h=\"80\" w=\"160\">Ecrire ici</comment></block></value><value name=\"ADD24\"><block type=\"text\"><field name=\"TEXT\">\"}},{\"text\":\" </field></block></value><value name=\"ADD25\"><block type=\"text\"><field name=\"TEXT\">Page 1</field><comment pinned=\"false\" h=\"80\" w=\"160\">Ecrire ici</comment></block></value><value name=\"ADD26\"><block type=\"text\"><field name=\"TEXT\">\",\"color\":\"green\"},{\"text\":\" \",\"color\":\"yellow\"},{\"text\":\"&gt;&gt;\",\"color\":\"dark_red\",\"clickEvent\":{\"action\":\"suggest_command\",\"value\":\"</field></block></value><value name=\"ADD27\"><block type=\"text\"><field name=\"TEXT\">/eriniumhelp 2</field><comment pinned=\"false\" h=\"80\" w=\"160\">Ecrire ici</comment></block></value><value name=\"ADD28\"><block type=\"text\"><field name=\"TEXT\">\"}},{\"text\":\" ==========\",\"color\":\"yellow\"}]</field></block></value></block></value><value name=\"x\"><block type=\"coord_x\"></block></value><value name=\"y\"><block type=\"coord_y\"></block></value><value name=\"z\"><block type=\"coord_z\"></block></value></block></statement></block></statement><value name=\"IF1\"><block type=\"text_binary_ops\"><value name=\"A\"><block type=\"variables_get_string\"><mutation xmlns=\"http://www.w3.org/1999/xhtml\" is_player_var=\"true\" has_entity=\"true\"></mutation><field name=\"VAR\">global:serverLanguage</field><value name=\"entity\"><block type=\"entity_from_deps\"></block></value></block></value><value name=\"B\"><block type=\"text\"><field name=\"TEXT\">EN</field></block></value></block></value><statement name=\"DO1\"><block type=\"controls_if\"><mutation elseif=\"5\" else=\"1\"></mutation><value name=\"IF0\"><block type=\"math_binary_ops\"><field name=\"OP\">EQ</field><value name=\"A\"><block type=\"get_command_parameter_number\"><field name=\"param\">page</field></block></value><value name=\"B\"><block type=\"math_number\"><field name=\"NUM\">1</field></block></value></block></value><statement name=\"DO0\"><block type=\"execute_command\"><value name=\"command\"><block type=\"text_join\"><mutation items=\"29\"></mutation><value name=\"ADD0\"><block type=\"text\"><field name=\"TEXT\">tellraw </field></block></value><value name=\"ADD1\"><block type=\"entity_name\"><value name=\"entity\"><block type=\"entity_from_deps\"></block></value></block></value><value name=\"ADD2\"><block type=\"text\"><field name=\"TEXT\"> [\"\",{\"text\":\"==========\",\"color\":\"yellow\"},{\"text\":\" Erinium Help \",\"bold\":true,\"color\":\"#BB0410\"},{\"text\":\"==========\",\"color\":\"yellow\"},{\"text\":\"\\n\"},{\"text\":\"-\",\"color\":\"gold\"},{\"text\":\" \"},{\"text\":\"</field></block></value><value name=\"ADD3\"><block type=\"text\"><field name=\"TEXT\">/alchemistsell</field></block></value><value name=\"ADD4\"><block type=\"text\"><field name=\"TEXT\">\",\"bold\":true,\"underlined\":true,\"color\":\"green\",\"clickEvent\":{\"action\":\"suggest_command\",\"value\":\"/alchemistsell\"}},{\"text\":\" </field></block></value><value name=\"ADD5\"><block type=\"text\"><field name=\"TEXT\">Sell ​​all your bottles of amenine to earn xp</field></block></value><value name=\"ADD6\"><block type=\"text\"><field name=\"TEXT\">\",\"color\":\"aqua\"},{\"text\":\"\\n\"},{\"text\":\"-\",\"color\":\"gold\"},{\"text\":\" \"},{\"text\":\"</field></block></value><value name=\"ADD7\"><block type=\"text\"><field name=\"TEXT\">/credit</field></block></value><value name=\"ADD8\"><block type=\"text\"><field name=\"TEXT\">\",\"bold\":true,\"underlined\":true,\"color\":\"green\",\"clickEvent\":{\"action\":\"suggest_command\",\"value\":\"/credit\"}},{\"text\":\" </field></block></value><value name=\"ADD9\"><block type=\"text\"><field name=\"TEXT\">To know your credit</field></block></value><value name=\"ADD10\"><block type=\"text\"><field name=\"TEXT\">\",\"color\":\"aqua\"},{\"text\":\"\\n\"},{\"text\":\"-\",\"color\":\"gold\"},{\"text\":\" \"},{\"text\":\"</field></block></value><value name=\"ADD11\"><block type=\"text\"><field name=\"TEXT\">/credit-to-ftb-money</field></block></value><value name=\"ADD12\"><block type=\"text\"><field name=\"TEXT\">\",\"bold\":true,\"underlined\":true,\"color\":\"green\",\"clickEvent\":{\"action\":\"suggest_command\",\"value\":\"/credit-to-ftb-money &lt;amount&gt;\"}},{\"text\":\" </field></block></value><value name=\"ADD13\"><block type=\"text\"><field name=\"TEXT\">Convert your credit into FTB money mod money</field></block></value><value name=\"ADD14\"><block type=\"text\"><field name=\"TEXT\">\",\"color\":\"aqua\"},{\"text\":\"\\n\"},{\"text\":\"-\",\"color\":\"gold\"},{\"text\":\" \"},{\"text\":\"</field></block></value><value name=\"ADD15\"><block type=\"text\"><field name=\"TEXT\">/credittomoney</field></block></value><value name=\"ADD16\"><block type=\"text\"><field name=\"TEXT\">\",\"bold\":true,\"underlined\":true,\"color\":\"green\",\"clickEvent\":{\"action\":\"suggest_command\",\"value\":\"/credittomoney\"}},{\"text\":\" </field></block></value><value name=\"ADD17\"><block type=\"text\"><field name=\"TEXT\">Convert your credit into essentialsX plugin currency if activated on the server</field></block></value><value name=\"ADD18\"><block type=\"text\"><field name=\"TEXT\">\",\"color\":\"aqua\"},{\"text\":\"\\n\"},{\"text\":\"-\",\"color\":\"gold\"},{\"text\":\" \"},{\"text\":\"</field></block></value><value name=\"ADD19\"><block type=\"text\"><field name=\"TEXT\">/wiki</field></block></value><value name=\"ADD20\"><block type=\"text\"><field name=\"TEXT\">\",\"bold\":true,\"underlined\":true,\"color\":\"green\",\"clickEvent\":{\"action\":\"suggest_command\",\"value\":\"/wiki\"}},{\"text\":\" </field></block></value><value name=\"ADD21\"><block type=\"text\"><field name=\"TEXT\">Give the link of the erinium wiki</field></block></value><value name=\"ADD22\"><block type=\"text\"><field name=\"TEXT\">\",\"color\":\"aqua\"},{\"text\":\"\\n\"},{\"text\":\"========== \",\"color\":\"yellow\"},{\"text\":\"&lt;&lt;\",\"color\":\"dark_red\",\"clickEvent\":{\"action\":\"suggest_command\",\"value\":\"</field></block></value><value name=\"ADD23\"><block type=\"text\"><field name=\"TEXT\">/eriniumhelp 1</field></block></value><value name=\"ADD24\"><block type=\"text\"><field name=\"TEXT\">\"}},{\"text\":\" </field></block></value><value name=\"ADD25\"><block type=\"text\"><field name=\"TEXT\">Page 1</field></block></value><value name=\"ADD26\"><block type=\"text\"><field name=\"TEXT\">\",\"color\":\"green\"},{\"text\":\" \",\"color\":\"yellow\"},{\"text\":\"&gt;&gt;\",\"color\":\"dark_red\",\"clickEvent\":{\"action\":\"suggest_command\",\"value\":\"</field></block></value><value name=\"ADD27\"><block type=\"text\"><field name=\"TEXT\">/eriniumhelp 2</field></block></value><value name=\"ADD28\"><block type=\"text\"><field name=\"TEXT\">\"}},{\"text\":\" ==========\",\"color\":\"yellow\"}]</field></block></value></block></value><value name=\"x\"><block type=\"coord_x\"></block></value><value name=\"y\"><block type=\"coord_y\"></block></value><value name=\"z\"><block type=\"coord_z\"></block></value></block></statement><value name=\"IF1\"><block type=\"math_binary_ops\"><field name=\"OP\">EQ</field><value name=\"A\"><block type=\"get_command_parameter_number\"><field name=\"param\">page</field></block></value><value name=\"B\"><block type=\"math_number\"><field name=\"NUM\">2</field></block></value></block></value><statement name=\"DO1\"><block type=\"execute_command\"><value name=\"command\"><block type=\"text_join\"><mutation items=\"29\"></mutation><value name=\"ADD0\"><block type=\"text\"><field name=\"TEXT\">tellraw </field></block></value><value name=\"ADD1\"><block type=\"entity_name\"><value name=\"entity\"><block type=\"entity_from_deps\"></block></value></block></value><value name=\"ADD2\"><block type=\"text\"><field name=\"TEXT\"> [\"\",{\"text\":\"==========\",\"color\":\"yellow\"},{\"text\":\" Erinium Help \",\"bold\":true,\"color\":\"#BB0410\"},{\"text\":\"==========\",\"color\":\"yellow\"},{\"text\":\"\\n\"},{\"text\":\"-\",\"color\":\"gold\"},{\"text\":\" \"},{\"text\":\"</field></block></value><value name=\"ADD3\"><block type=\"text\"><field name=\"TEXT\">/getdim</field><comment pinned=\"false\" h=\"80\" w=\"160\">Ecrire ici</comment></block></value><value name=\"ADD4\"><block type=\"text\"><field name=\"TEXT\">\",\"bold\":true,\"underlined\":true,\"color\":\"green\",\"clickEvent\":{\"action\":\"suggest_command\",\"value\":\"/getdim\"}},{\"text\":\" </field><comment pinned=\"false\" h=\"80\" w=\"160\">Ecrire ici</comment></block></value><value name=\"ADD5\"><block type=\"text\"><field name=\"TEXT\">To know the size where you are</field><comment pinned=\"false\" h=\"80\" w=\"160\">Ecrire ici</comment></block></value><value name=\"ADD6\"><block type=\"text\"><field name=\"TEXT\">\",\"color\":\"aqua\"},{\"text\":\"\\n\"},{\"text\":\"-\",\"color\":\"gold\"},{\"text\":\" \"},{\"text\":\"</field></block></value><value name=\"ADD7\"><block type=\"text\"><field name=\"TEXT\">/gohome</field><comment pinned=\"false\" h=\"80\" w=\"160\">Ecrire ici</comment></block></value><value name=\"ADD8\"><block type=\"text\"><field name=\"TEXT\">\",\"bold\":true,\"underlined\":true,\"color\":\"green\",\"clickEvent\":{\"action\":\"suggest_command\",\"value\":\"/gohome\"}},{\"text\":\" </field><comment pinned=\"false\" h=\"80\" w=\"160\">Ecrire ici</comment></block></value><value name=\"ADD9\"><block type=\"text\"><field name=\"TEXT\">To teleport to the spawn or where you put your home block</field><comment pinned=\"false\" h=\"80\" w=\"160\">Ecrire ici</comment></block></value><value name=\"ADD10\"><block type=\"text\"><field name=\"TEXT\">\",\"color\":\"aqua\"},{\"text\":\"\\n\"},{\"text\":\"-\",\"color\":\"gold\"},{\"text\":\" \"},{\"text\":\"</field></block></value><value name=\"ADD11\"><block type=\"text\"><field name=\"TEXT\">/nether</field><comment pinned=\"false\" h=\"80\" w=\"160\">Ecrire ici</comment></block></value><value name=\"ADD12\"><block type=\"text\"><field name=\"TEXT\">\",\"bold\":true,\"underlined\":true,\"color\":\"green\",\"clickEvent\":{\"action\":\"suggest_command\",\"value\":\"/nether\"}},{\"text\":\" </field><comment pinned=\"false\" h=\"80\" w=\"160\">Ecrire ici</comment></block></value><value name=\"ADD13\"><block type=\"text\"><field name=\"TEXT\">To teleport you to the nether</field><comment pinned=\"false\" h=\"80\" w=\"160\">Ecrire ici</comment></block></value><value name=\"ADD14\"><block type=\"text\"><field name=\"TEXT\">\",\"color\":\"aqua\"},{\"text\":\"\\n\"},{\"text\":\"-\",\"color\":\"gold\"},{\"text\":\" \"},{\"text\":\"</field></block></value><value name=\"ADD15\"><block type=\"text\"><field name=\"TEXT\">/map</field><comment pinned=\"false\" h=\"80\" w=\"160\">Ecrire ici</comment></block></value><value name=\"ADD16\"><block type=\"text\"><field name=\"TEXT\">\",\"bold\":true,\"underlined\":true,\"color\":\"green\",\"clickEvent\":{\"action\":\"suggest_command\",\"value\":\"/map\"}},{\"text\":\" </field><comment pinned=\"false\" h=\"80\" w=\"160\">Ecrire ici</comment></block></value><value name=\"ADD17\"><block type=\"text\"><field name=\"TEXT\">To open the map to change server!</field><comment pinned=\"false\" h=\"80\" w=\"160\">Ecrire ici</comment></block></value><value name=\"ADD18\"><block type=\"text\"><field name=\"TEXT\">\",\"color\":\"aqua\"},{\"text\":\"\\n\"},{\"text\":\"-\",\"color\":\"gold\"},{\"text\":\" \"},{\"text\":\"</field></block></value><value name=\"ADD19\"><block type=\"text\"><field name=\"TEXT\">/profile</field><comment pinned=\"false\" h=\"80\" w=\"160\">Ecrire ici</comment></block></value><value name=\"ADD20\"><block type=\"text\"><field name=\"TEXT\">\",\"bold\":true,\"underlined\":true,\"color\":\"green\",\"clickEvent\":{\"action\":\"suggest_command\",\"value\":\"/profile\"}},{\"text\":\" </field><comment pinned=\"false\" h=\"80\" w=\"160\">Ecrire ici</comment></block></value><value name=\"ADD21\"><block type=\"text\"><field name=\"TEXT\">Opens the profile menu where you can find some personal information like server, rank, etc.</field><comment pinned=\"false\" h=\"80\" w=\"160\">Ecrire ici</comment></block></value><value name=\"ADD22\"><block type=\"text\"><field name=\"TEXT\">\",\"color\":\"aqua\"},{\"text\":\"\\n\"},{\"text\":\"========== \",\"color\":\"yellow\"},{\"text\":\"&lt;&lt;\",\"color\":\"dark_red\",\"clickEvent\":{\"action\":\"suggest_command\",\"value\":\"</field></block></value><value name=\"ADD23\"><block type=\"text\"><field name=\"TEXT\">/eriniumhelp 1</field><comment pinned=\"false\" h=\"80\" w=\"160\">Ecrire ici</comment></block></value><value name=\"ADD24\"><block type=\"text\"><field name=\"TEXT\">\"}},{\"text\":\" </field></block></value><value name=\"ADD25\"><block type=\"text\"><field name=\"TEXT\">Page 2</field><comment pinned=\"false\" h=\"80\" w=\"160\">Ecrire ici</comment></block></value><value name=\"ADD26\"><block type=\"text\"><field name=\"TEXT\">\",\"color\":\"green\"},{\"text\":\" \",\"color\":\"yellow\"},{\"text\":\"&gt;&gt;\",\"color\":\"dark_red\",\"clickEvent\":{\"action\":\"suggest_command\",\"value\":\"</field></block></value><value name=\"ADD27\"><block type=\"text\"><field name=\"TEXT\">/eriniumhelp 3</field><comment pinned=\"false\" h=\"80\" w=\"160\">Ecrire ici</comment></block></value><value name=\"ADD28\"><block type=\"text\"><field name=\"TEXT\">\"}},{\"text\":\" ==========\",\"color\":\"yellow\"}]</field></block></value></block></value><value name=\"x\"><block type=\"coord_x\"></block></value><value name=\"y\"><block type=\"coord_y\"></block></value><value name=\"z\"><block type=\"coord_z\"></block></value></block></statement><value name=\"IF2\"><block type=\"math_binary_ops\"><field name=\"OP\">EQ</field><value name=\"A\"><block type=\"get_command_parameter_number\"><field name=\"param\">page</field></block></value><value name=\"B\"><block type=\"math_number\"><field name=\"NUM\">3</field></block></value></block></value><statement name=\"DO2\"><block type=\"execute_command\"><value name=\"command\"><block type=\"text_join\"><mutation items=\"29\"></mutation><value name=\"ADD0\"><block type=\"text\"><field name=\"TEXT\">tellraw </field></block></value><value name=\"ADD1\"><block type=\"entity_name\"><value name=\"entity\"><block type=\"entity_from_deps\"></block></value></block></value><value name=\"ADD2\"><block type=\"text\"><field name=\"TEXT\"> [\"\",{\"text\":\"==========\",\"color\":\"yellow\"},{\"text\":\" Erinium Help \",\"bold\":true,\"color\":\"#BB0410\"},{\"text\":\"==========\",\"color\":\"yellow\"},{\"text\":\"\\n\"},{\"text\":\"-\",\"color\":\"gold\"},{\"text\":\" \"},{\"text\":\"</field></block></value><value name=\"ADD3\"><block type=\"text\"><field name=\"TEXT\">/rank</field><comment pinned=\"false\" h=\"80\" w=\"160\">Ecrire ici</comment></block></value><value name=\"ADD4\"><block type=\"text\"><field name=\"TEXT\">\",\"bold\":true,\"underlined\":true,\"color\":\"green\",\"clickEvent\":{\"action\":\"suggest_command\",\"value\":\"/rank\"}},{\"text\":\" </field><comment pinned=\"false\" h=\"80\" w=\"160\">Ecrire ici</comment></block></value><value name=\"ADD5\"><block type=\"text\"><field name=\"TEXT\">Open the rank menu</field><comment pinned=\"false\" h=\"80\" w=\"160\">Ecrire ici</comment></block></value><value name=\"ADD6\"><block type=\"text\"><field name=\"TEXT\">\",\"color\":\"aqua\"},{\"text\":\"\\n\"},{\"text\":\"-\",\"color\":\"gold\"},{\"text\":\" \"},{\"text\":\"</field></block></value><value name=\"ADD7\"><block type=\"text\"><field name=\"TEXT\">/rankoverlaysettings</field><comment pinned=\"false\" h=\"80\" w=\"160\">Ecrire ici</comment></block></value><value name=\"ADD8\"><block type=\"text\"><field name=\"TEXT\">\",\"bold\":true,\"underlined\":true,\"color\":\"green\",\"clickEvent\":{\"action\":\"suggest_command\",\"value\":\"/rankoverlaysettings\"}},{\"text\":\" </field><comment pinned=\"false\" h=\"80\" w=\"160\">Ecrire ici</comment></block></value><value name=\"ADD9\"><block type=\"text\"><field name=\"TEXT\">Change overlay settings when gaining xp</field><comment pinned=\"false\" h=\"80\" w=\"160\">Ecrire ici</comment></block></value><value name=\"ADD10\"><block type=\"text\"><field name=\"TEXT\">\",\"color\":\"aqua\"},{\"text\":\"\\n\"},{\"text\":\"-\",\"color\":\"gold\"},{\"text\":\" \"},{\"text\":\"</field></block></value><value name=\"ADD11\"><block type=\"text\"><field name=\"TEXT\">/rtpdim</field><comment pinned=\"false\" h=\"80\" w=\"160\">Ecrire ici</comment></block></value><value name=\"ADD12\"><block type=\"text\"><field name=\"TEXT\">\",\"bold\":true,\"underlined\":true,\"color\":\"green\",\"clickEvent\":{\"action\":\"suggest_command\",\"value\":\"/rtpdim\"}},{\"text\":\" </field><comment pinned=\"false\" h=\"80\" w=\"160\">Ecrire ici</comment></block></value><value name=\"ADD13\"><block type=\"text\"><field name=\"TEXT\">Teleports you to a random place in the map if the command is activated on the server</field><comment pinned=\"false\" h=\"80\" w=\"160\">Ecrire ici</comment></block></value><value name=\"ADD14\"><block type=\"text\"><field name=\"TEXT\">\",\"color\":\"aqua\"},{\"text\":\"\\n\"},{\"text\":\"-\",\"color\":\"gold\"},{\"text\":\" \"},{\"text\":\"</field></block></value><value name=\"ADD15\"><block type=\"text\"><field name=\"TEXT\">/serverlanguage</field><comment pinned=\"false\" h=\"80\" w=\"160\">Ecrire ici</comment></block></value><value name=\"ADD16\"><block type=\"text\"><field name=\"TEXT\">\",\"bold\":true,\"underlined\":true,\"color\":\"green\",\"clickEvent\":{\"action\":\"suggest_command\",\"value\":\"/serverlanguage &lt;FR/EN&gt;\"}},{\"text\":\" </field><comment pinned=\"false\" h=\"80\" w=\"160\">Ecrire ici</comment></block></value><value name=\"ADD17\"><block type=\"text\"><field name=\"TEXT\">To change the language of the server, the messages that the mod will send you will be translated by the chosen language</field><comment pinned=\"false\" h=\"80\" w=\"160\">Ecrire ici</comment></block></value><value name=\"ADD18\"><block type=\"text\"><field name=\"TEXT\">\",\"color\":\"aqua\"},{\"text\":\"\\n\"},{\"text\":\"-\",\"color\":\"gold\"},{\"text\":\" \"},{\"text\":\"</field></block></value><value name=\"ADD19\"><block type=\"text\"><field name=\"TEXT\">/maintenance</field><comment pinned=\"false\" h=\"80\" w=\"160\">Ecrire ici</comment></block></value><value name=\"ADD20\"><block type=\"text\"><field name=\"TEXT\">\",\"bold\":true,\"underlined\":true,\"color\":\"green\",\"clickEvent\":{\"action\":\"suggest_command\",\"value\":\"/maintenance\"}},{\"text\":\" </field><comment pinned=\"false\" h=\"80\" w=\"160\">Ecrire ici</comment></block></value><value name=\"ADD21\"><block type=\"text\"><field name=\"TEXT\">§4ADMIN §bOpens the maintenance menu</field><comment pinned=\"false\" h=\"80\" w=\"160\">Ecrire ici</comment></block></value><value name=\"ADD22\"><block type=\"text\"><field name=\"TEXT\">\",\"color\":\"aqua\"},{\"text\":\"\\n\"},{\"text\":\"========== \",\"color\":\"yellow\"},{\"text\":\"&lt;&lt;\",\"color\":\"dark_red\",\"clickEvent\":{\"action\":\"suggest_command\",\"value\":\"</field></block></value><value name=\"ADD23\"><block type=\"text\"><field name=\"TEXT\">/eriniumhelp 2</field><comment pinned=\"false\" h=\"80\" w=\"160\">Ecrire ici</comment></block></value><value name=\"ADD24\"><block type=\"text\"><field name=\"TEXT\">\"}},{\"text\":\" </field></block></value><value name=\"ADD25\"><block type=\"text\"><field name=\"TEXT\">Page 3</field><comment pinned=\"false\" h=\"80\" w=\"160\">Ecrire ici</comment></block></value><value name=\"ADD26\"><block type=\"text\"><field name=\"TEXT\">\",\"color\":\"green\"},{\"text\":\" \",\"color\":\"yellow\"},{\"text\":\"&gt;&gt;\",\"color\":\"dark_red\",\"clickEvent\":{\"action\":\"suggest_command\",\"value\":\"</field></block></value><value name=\"ADD27\"><block type=\"text\"><field name=\"TEXT\">/eriniumhelp 4</field><comment pinned=\"false\" h=\"80\" w=\"160\">Ecrire ici</comment></block></value><value name=\"ADD28\"><block type=\"text\"><field name=\"TEXT\">\"}},{\"text\":\" ==========\",\"color\":\"yellow\"}]</field></block></value></block></value><value name=\"x\"><block type=\"coord_x\"></block></value><value name=\"y\"><block type=\"coord_y\"></block></value><value name=\"z\"><block type=\"coord_z\"></block></value></block></statement><value name=\"IF3\"><block type=\"math_binary_ops\"><field name=\"OP\">EQ</field><value name=\"A\"><block type=\"get_command_parameter_number\"><field name=\"param\">page</field></block></value><value name=\"B\"><block type=\"math_number\"><field name=\"NUM\">4</field></block></value></block></value><statement name=\"DO3\"><block type=\"execute_command\"><value name=\"command\"><block type=\"text_join\"><mutation items=\"29\"></mutation><value name=\"ADD0\"><block type=\"text\"><field name=\"TEXT\">tellraw </field></block></value><value name=\"ADD1\"><block type=\"entity_name\"><value name=\"entity\"><block type=\"entity_from_deps\"></block></value></block></value><value name=\"ADD2\"><block type=\"text\"><field name=\"TEXT\"> [\"\",{\"text\":\"==========\",\"color\":\"yellow\"},{\"text\":\" Erinium Help \",\"bold\":true,\"color\":\"#BB0410\"},{\"text\":\"==========\",\"color\":\"yellow\"},{\"text\":\"\\n\"},{\"text\":\"-\",\"color\":\"gold\"},{\"text\":\" \"},{\"text\":\"</field></block></value><value name=\"ADD3\"><block type=\"text\"><field name=\"TEXT\">/nethermaintenance</field><comment pinned=\"false\" h=\"80\" w=\"160\">Ecrire ici</comment></block></value><value name=\"ADD4\"><block type=\"text\"><field name=\"TEXT\">\",\"bold\":true,\"underlined\":true,\"color\":\"green\",\"clickEvent\":{\"action\":\"suggest_command\",\"value\":\"/nethermaintenance\"}},{\"text\":\" </field><comment pinned=\"false\" h=\"80\" w=\"160\">Ecrire ici</comment></block></value><value name=\"ADD5\"><block type=\"text\"><field name=\"TEXT\">§4ADMIN §bOpens the maintenance menu for the nether</field><comment pinned=\"false\" h=\"80\" w=\"160\">Ecrire ici</comment></block></value><value name=\"ADD6\"><block type=\"text\"><field name=\"TEXT\">\",\"color\":\"aqua\"},{\"text\":\"\\n\"},{\"text\":\"-\",\"color\":\"gold\"},{\"text\":\" \"},{\"text\":\"</field></block></value><value name=\"ADD7\"><block type=\"text\"><field name=\"TEXT\">/setnetherspawn</field><comment pinned=\"false\" h=\"80\" w=\"160\">Ecrire ici</comment></block></value><value name=\"ADD8\"><block type=\"text\"><field name=\"TEXT\">\",\"bold\":true,\"underlined\":true,\"color\":\"green\",\"clickEvent\":{\"action\":\"suggest_command\",\"value\":\"/setnetherspawn\"}},{\"text\":\" </field><comment pinned=\"false\" h=\"80\" w=\"160\">Ecrire ici</comment></block></value><value name=\"ADD9\"><block type=\"text\"><field name=\"TEXT\">§4ADMIN §bTo change the nether spawn</field><comment pinned=\"false\" h=\"80\" w=\"160\">Ecrire ici</comment></block></value><value name=\"ADD10\"><block type=\"text\"><field name=\"TEXT\">\",\"color\":\"aqua\"},{\"text\":\"\\n\"},{\"text\":\"-\",\"color\":\"gold\"},{\"text\":\" \"},{\"text\":\"</field></block></value><value name=\"ADD11\"><block type=\"text\"><field name=\"TEXT\">/toggleessential</field><comment pinned=\"false\" h=\"80\" w=\"160\">Ecrire ici</comment></block></value><value name=\"ADD12\"><block type=\"text\"><field name=\"TEXT\">\",\"bold\":true,\"underlined\":true,\"color\":\"green\",\"clickEvent\":{\"action\":\"suggest_command\",\"value\":\"/toggleessential\"}},{\"text\":\" </field><comment pinned=\"false\" h=\"80\" w=\"160\">Ecrire ici</comment></block></value><value name=\"ADD13\"><block type=\"text\"><field name=\"TEXT\">§4ADMIN §bActivates the relationship with the EssentialsX plugin if it is activated</field><comment pinned=\"false\" h=\"80\" w=\"160\">Ecrire ici</comment></block></value><value name=\"ADD14\"><block type=\"text\"><field name=\"TEXT\">\",\"color\":\"aqua\"},{\"text\":\"\\n\"},{\"text\":\"-\",\"color\":\"gold\"},{\"text\":\" \"},{\"text\":\"</field></block></value><value name=\"ADD15\"><block type=\"text\"><field name=\"TEXT\">/enablecustomchat</field><comment pinned=\"false\" h=\"80\" w=\"160\">Ecrire ici</comment></block></value><value name=\"ADD16\"><block type=\"text\"><field name=\"TEXT\">\",\"bold\":true,\"underlined\":true,\"color\":\"green\",\"clickEvent\":{\"action\":\"suggest_command\",\"value\":\"/enablecustomchat &lt;FR/EN&gt;\"}},{\"text\":\" </field><comment pinned=\"false\" h=\"80\" w=\"160\">Ecrire ici</comment></block></value><value name=\"ADD17\"><block type=\"text\"><field name=\"TEXT\">§4ADMIN §bEnable custom chat</field><comment pinned=\"false\" h=\"80\" w=\"160\">Ecrire ici</comment></block></value><value name=\"ADD18\"><block type=\"text\"><field name=\"TEXT\">\",\"color\":\"aqua\"},{\"text\":\"\\n\"},{\"text\":\"-\",\"color\":\"gold\"},{\"text\":\" \"},{\"text\":\"</field></block></value><value name=\"ADD19\"><block type=\"text\"><field name=\"TEXT\">/EriniumRank</field><comment pinned=\"false\" h=\"80\" w=\"160\">Ecrire ici</comment></block></value><value name=\"ADD20\"><block type=\"text\"><field name=\"TEXT\">\",\"bold\":true,\"underlined\":true,\"color\":\"green\",\"clickEvent\":{\"action\":\"suggest_command\",\"value\":\"/EriniumRank\"}},{\"text\":\" </field><comment pinned=\"false\" h=\"80\" w=\"160\">Ecrire ici</comment></block></value><value name=\"ADD21\"><block type=\"text\"><field name=\"TEXT\">§4ADMIN §bChange a player's rank values ​​according to settings</field><comment pinned=\"false\" h=\"80\" w=\"160\">Ecrire ici</comment></block></value><value name=\"ADD22\"><block type=\"text\"><field name=\"TEXT\">\",\"color\":\"aqua\"},{\"text\":\"\\n\"},{\"text\":\"========== \",\"color\":\"yellow\"},{\"text\":\"&lt;&lt;\",\"color\":\"dark_red\",\"clickEvent\":{\"action\":\"suggest_command\",\"value\":\"</field></block></value><value name=\"ADD23\"><block type=\"text\"><field name=\"TEXT\">/eriniumhelp 3</field><comment pinned=\"false\" h=\"80\" w=\"160\">Ecrire ici</comment></block></value><value name=\"ADD24\"><block type=\"text\"><field name=\"TEXT\">\"}},{\"text\":\" </field></block></value><value name=\"ADD25\"><block type=\"text\"><field name=\"TEXT\">Page 4</field><comment pinned=\"false\" h=\"80\" w=\"160\">Ecrire ici</comment></block></value><value name=\"ADD26\"><block type=\"text\"><field name=\"TEXT\">\",\"color\":\"green\"},{\"text\":\" \",\"color\":\"yellow\"},{\"text\":\"&gt;&gt;\",\"color\":\"dark_red\",\"clickEvent\":{\"action\":\"suggest_command\",\"value\":\"</field></block></value><value name=\"ADD27\"><block type=\"text\"><field name=\"TEXT\">/eriniumhelp 5</field><comment pinned=\"false\" h=\"80\" w=\"160\">Ecrire ici</comment></block></value><value name=\"ADD28\"><block type=\"text\"><field name=\"TEXT\">\"}},{\"text\":\" ==========\",\"color\":\"yellow\"}]</field></block></value></block></value><value name=\"x\"><block type=\"coord_x\"></block></value><value name=\"y\"><block type=\"coord_y\"></block></value><value name=\"z\"><block type=\"coord_z\"></block></value></block></statement><value name=\"IF4\"><block type=\"math_binary_ops\"><field name=\"OP\">EQ</field><value name=\"A\"><block type=\"get_command_parameter_number\"><field name=\"param\">page</field></block></value><value name=\"B\"><block type=\"math_number\"><field name=\"NUM\">5</field></block></value></block></value><statement name=\"DO4\"><block type=\"execute_command\"><value name=\"command\"><block type=\"text_join\"><mutation items=\"29\"></mutation><value name=\"ADD0\"><block type=\"text\"><field name=\"TEXT\">tellraw </field></block></value><value name=\"ADD1\"><block type=\"entity_name\"><value name=\"entity\"><block type=\"entity_from_deps\"></block></value></block></value><value name=\"ADD2\"><block type=\"text\"><field name=\"TEXT\"> [\"\",{\"text\":\"==========\",\"color\":\"yellow\"},{\"text\":\" Erinium Help \",\"bold\":true,\"color\":\"#BB0410\"},{\"text\":\"==========\",\"color\":\"yellow\"},{\"text\":\"\\n\"},{\"text\":\"-\",\"color\":\"gold\"},{\"text\":\" \"},{\"text\":\"</field></block></value><value name=\"ADD3\"><block type=\"text\"><field name=\"TEXT\">/eriniumreloadvariables</field><comment pinned=\"false\" h=\"80\" w=\"160\">Ecrire ici</comment></block></value><value name=\"ADD4\"><block type=\"text\"><field name=\"TEXT\">\",\"bold\":true,\"underlined\":true,\"color\":\"green\",\"clickEvent\":{\"action\":\"suggest_command\",\"value\":\"/eriniumreloadvariables\"}},{\"text\":\" </field><comment pinned=\"false\" h=\"80\" w=\"160\">Ecrire ici</comment></block></value><value name=\"ADD5\"><block type=\"text\"><field name=\"TEXT\">§4ADMIN §bUpdate variables if you have modified the config.json in the Erinium config folder</field><comment pinned=\"false\" h=\"80\" w=\"160\">Ecrire ici</comment></block></value><value name=\"ADD6\"><block type=\"text\"><field name=\"TEXT\">\",\"color\":\"aqua\"},{\"text\":\"\\n\"},{\"text\":\"-\",\"color\":\"gold\"},{\"text\":\" \"},{\"text\":\"</field></block></value><value name=\"ADD7\"><block type=\"text\"><field name=\"TEXT\">/listplayer</field><comment pinned=\"false\" h=\"80\" w=\"160\">Ecrire ici</comment></block></value><value name=\"ADD8\"><block type=\"text\"><field name=\"TEXT\">\",\"bold\":true,\"underlined\":true,\"color\":\"green\",\"clickEvent\":{\"action\":\"suggest_command\",\"value\":\"/listplayer\"}},{\"text\":\" </field><comment pinned=\"false\" h=\"80\" w=\"160\">Ecrire ici</comment></block></value><value name=\"ADD9\"><block type=\"text\"><field name=\"TEXT\">§4ADMIN §bGives the list of players in different servers</field><comment pinned=\"false\" h=\"80\" w=\"160\">Ecrire ici</comment></block></value><value name=\"ADD10\"><block type=\"text\"><field name=\"TEXT\">\",\"color\":\"aqua\"},{\"text\":\"\\n\"},{\"text\":\"-\",\"color\":\"gold\"},{\"text\":\" \"},{\"text\":\"</field></block></value><value name=\"ADD11\"><block type=\"text\"><field name=\"TEXT\">/reloadmaxplayer</field><comment pinned=\"false\" h=\"80\" w=\"160\">Ecrire ici</comment></block></value><value name=\"ADD12\"><block type=\"text\"><field name=\"TEXT\">\",\"bold\":true,\"underlined\":true,\"color\":\"green\",\"clickEvent\":{\"action\":\"suggest_command\",\"value\":\"/reloadmaxplayer\"}},{\"text\":\" </field><comment pinned=\"false\" h=\"80\" w=\"160\">Ecrire ici</comment></block></value><value name=\"ADD13\"><block type=\"text\"><field name=\"TEXT\">§4ADMIN §bModifies the maximum number of players per server after modifying the erinium config file</field><comment pinned=\"false\" h=\"80\" w=\"160\">Ecrire ici</comment></block></value><value name=\"ADD14\"><block type=\"text\"><field name=\"TEXT\">\",\"color\":\"aqua\"},{\"text\":\"\\n\"},{\"text\":\"-\",\"color\":\"gold\"},{\"text\":\" \"},{\"text\":\"</field></block></value><value name=\"ADD15\"><block type=\"text\"><field name=\"TEXT\">/enablecustomchat</field><comment pinned=\"false\" h=\"80\" w=\"160\">Ecrire ici</comment></block></value><value name=\"ADD16\"><block type=\"text\"><field name=\"TEXT\">\",\"bold\":true,\"underlined\":true,\"color\":\"green\",\"clickEvent\":{\"action\":\"suggest_command\",\"value\":\"/enablecustomchat &lt;FR/EN&gt;\"}},{\"text\":\" </field><comment pinned=\"false\" h=\"80\" w=\"160\">Ecrire ici</comment></block></value><value name=\"ADD17\"><block type=\"text\"><field name=\"TEXT\">§4ADMIN §bEnable custom chat</field><comment pinned=\"false\" h=\"80\" w=\"160\">Ecrire ici</comment></block></value><value name=\"ADD18\"><block type=\"text\"><field name=\"TEXT\">\",\"color\":\"aqua\"},{\"text\":\"\\n\"},{\"text\":\"-\",\"color\":\"gold\"},{\"text\":\" \"},{\"text\":\"</field></block></value><value name=\"ADD19\"><block type=\"text\"><field name=\"TEXT\">/setserverspawn</field><comment pinned=\"false\" h=\"80\" w=\"160\">Ecrire ici</comment></block></value><value name=\"ADD20\"><block type=\"text\"><field name=\"TEXT\">\",\"bold\":true,\"underlined\":true,\"color\":\"green\",\"clickEvent\":{\"action\":\"suggest_command\",\"value\":\"/setserverspawn\"}},{\"text\":\" </field><comment pinned=\"false\" h=\"80\" w=\"160\">Ecrire ici</comment></block></value><value name=\"ADD21\"><block type=\"text\"><field name=\"TEXT\">§4ADMIN §bChange spawn point for servers (alpha, beta, charlie, minage01, minage02, minage03)</field><comment pinned=\"false\" h=\"80\" w=\"160\">Ecrire ici</comment></block></value><value name=\"ADD22\"><block type=\"text\"><field name=\"TEXT\">\",\"color\":\"aqua\"},{\"text\":\"\\n\"},{\"text\":\"========== \",\"color\":\"yellow\"},{\"text\":\"&lt;&lt;\",\"color\":\"dark_red\",\"clickEvent\":{\"action\":\"suggest_command\",\"value\":\"</field></block></value><value name=\"ADD23\"><block type=\"text\"><field name=\"TEXT\">/eriniumhelp 4</field><comment pinned=\"false\" h=\"80\" w=\"160\">Ecrire ici</comment></block></value><value name=\"ADD24\"><block type=\"text\"><field name=\"TEXT\">\"}},{\"text\":\" </field></block></value><value name=\"ADD25\"><block type=\"text\"><field name=\"TEXT\">Page 5</field><comment pinned=\"false\" h=\"80\" w=\"160\">Ecrire ici</comment></block></value><value name=\"ADD26\"><block type=\"text\"><field name=\"TEXT\">\",\"color\":\"green\"},{\"text\":\" \",\"color\":\"yellow\"},{\"text\":\"&gt;&gt;\",\"color\":\"dark_red\",\"clickEvent\":{\"action\":\"suggest_command\",\"value\":\"</field></block></value><value name=\"ADD27\"><block type=\"text\"><field name=\"TEXT\">/eriniumhelp 6</field><comment pinned=\"false\" h=\"80\" w=\"160\">Ecrire ici</comment></block></value><value name=\"ADD28\"><block type=\"text\"><field name=\"TEXT\">\"}},{\"text\":\" ==========\",\"color\":\"yellow\"}]</field></block></value></block></value><value name=\"x\"><block type=\"coord_x\"></block></value><value name=\"y\"><block type=\"coord_y\"></block></value><value name=\"z\"><block type=\"coord_z\"></block></value></block></statement><value name=\"IF5\"><block type=\"math_binary_ops\"><field name=\"OP\">EQ</field><value name=\"A\"><block type=\"get_command_parameter_number\"><field name=\"param\">page</field></block></value><value name=\"B\"><block type=\"math_number\"><field name=\"NUM\">6</field></block></value></block></value><statement name=\"DO5\"><block type=\"execute_command\"><value name=\"command\"><block type=\"text_join\"><mutation items=\"29\"></mutation><value name=\"ADD0\"><block type=\"text\"><field name=\"TEXT\">tellraw </field></block></value><value name=\"ADD1\"><block type=\"entity_name\"><value name=\"entity\"><block type=\"entity_from_deps\"></block></value></block></value><value name=\"ADD2\"><block type=\"text\"><field name=\"TEXT\"> [\"\",{\"text\":\"==========\",\"color\":\"yellow\"},{\"text\":\" Erinium Help \",\"bold\":true,\"color\":\"#BB0410\"},{\"text\":\"==========\",\"color\":\"yellow\"},{\"text\":\"\\n\"},{\"text\":\"-\",\"color\":\"gold\"},{\"text\":\" \"},{\"text\":\"</field></block></value><value name=\"ADD3\"><block type=\"text\"><field name=\"TEXT\">/swapserver</field><comment pinned=\"false\" h=\"80\" w=\"160\">Ecrire ici</comment></block></value><value name=\"ADD4\"><block type=\"text\"><field name=\"TEXT\">\",\"bold\":true,\"underlined\":true,\"color\":\"green\",\"clickEvent\":{\"action\":\"suggest_command\",\"value\":\"/swapserver\"}},{\"text\":\" </field><comment pinned=\"false\" h=\"80\" w=\"160\">Ecrire ici</comment></block></value><value name=\"ADD5\"><block type=\"text\"><field name=\"TEXT\">§4ADMIN §bAllows you to change servers without the constraint of maintenance or the number of players</field><comment pinned=\"false\" h=\"80\" w=\"160\">Ecrire ici</comment></block></value><value name=\"ADD6\"><block type=\"text\"><field name=\"TEXT\">\",\"color\":\"aqua\"},{\"text\":\"\\n\"},{\"text\":\"-\",\"color\":\"gold\"},{\"text\":\" \"},{\"text\":\"</field></block></value><value name=\"ADD7\"><block type=\"text\"><field name=\"TEXT\">/togglemoddedfeatures</field><comment pinned=\"false\" h=\"80\" w=\"160\">Ecrire ici</comment></block></value><value name=\"ADD8\"><block type=\"text\"><field name=\"TEXT\">\",\"bold\":true,\"underlined\":true,\"color\":\"green\",\"clickEvent\":{\"action\":\"suggest_command\",\"value\":\"/togglemoddedfeatures\"}},{\"text\":\" </field><comment pinned=\"false\" h=\"80\" w=\"160\">Ecrire ici</comment></block></value><value name=\"ADD9\"><block type=\"text\"><field name=\"TEXT\">§4ADMIN §bActivate the items/blocks reserved for the modded minecraft part</field><comment pinned=\"false\" h=\"80\" w=\"160\">Ecrire ici</comment></block></value><value name=\"ADD10\"><block type=\"text\"><field name=\"TEXT\">\",\"color\":\"aqua\"},{\"text\":\"\\n\"},{\"text\":\"-\",\"color\":\"gold\"},{\"text\":\" \"},{\"text\":\"</field></block></value><value name=\"ADD11\"><block type=\"text\"><field name=\"TEXT\">/debugitem</field><comment pinned=\"false\" h=\"80\" w=\"160\">Ecrire ici</comment></block></value><value name=\"ADD12\"><block type=\"text\"><field name=\"TEXT\">\",\"bold\":true,\"underlined\":true,\"color\":\"green\",\"clickEvent\":{\"action\":\"suggest_command\",\"value\":\"/debugitem\"}},{\"text\":\" </field><comment pinned=\"false\" h=\"80\" w=\"160\">Ecrire ici</comment></block></value><value name=\"ADD13\"><block type=\"text\"><field name=\"TEXT\">§4OP §bAllows to have item information in hand</field><comment pinned=\"false\" h=\"80\" w=\"160\">Ecrire ici</comment></block></value><value name=\"ADD14\"><block type=\"text\"><field name=\"TEXT\">\",\"color\":\"aqua\"},{\"text\":\"\\n\"},{\"text\":\"-\",\"color\":\"gold\"},{\"text\":\" \"},{\"text\":\"</field></block></value><value name=\"ADD15\"><block type=\"text\"><field name=\"TEXT\">/eriniumgemme</field><comment pinned=\"false\" h=\"80\" w=\"160\">Ecrire ici</comment></block></value><value name=\"ADD16\"><block type=\"text\"><field name=\"TEXT\">\",\"bold\":true,\"underlined\":true,\"color\":\"green\",\"clickEvent\":{\"action\":\"suggest_command\",\"value\":\"/eriniumgemme\"}},{\"text\":\" </field><comment pinned=\"false\" h=\"80\" w=\"160\">Ecrire ici</comment></block></value><value name=\"ADD17\"><block type=\"text\"><field name=\"TEXT\">§4OP §bAllows you to modify the number of gems of a player</field><comment pinned=\"false\" h=\"80\" w=\"160\">Ecrire ici</comment></block></value><value name=\"ADD18\"><block type=\"text\"><field name=\"TEXT\">\",\"color\":\"aqua\"},{\"text\":\"\\n\"},{\"text\":\"-\",\"color\":\"gold\"},{\"text\":\" \"},{\"text\":\"</field></block></value><value name=\"ADD19\"><block type=\"text\"><field name=\"TEXT\">/AucuneCommande</field><comment pinned=\"false\" h=\"80\" w=\"160\">Ecrire ici</comment></block></value><value name=\"ADD20\"><block type=\"text\"><field name=\"TEXT\">\",\"bold\":true,\"underlined\":true,\"color\":\"green\",\"clickEvent\":{\"action\":\"suggest_command\",\"value\":\"/nothing\"}},{\"text\":\" </field><comment pinned=\"false\" h=\"80\" w=\"160\">Ecrire ici</comment></block></value><value name=\"ADD21\"><block type=\"text\"><field name=\"TEXT\">There is nothing here because askip there is nothing</field><comment pinned=\"false\" h=\"80\" w=\"160\">Ecrire ici</comment></block></value><value name=\"ADD22\"><block type=\"text\"><field name=\"TEXT\">\",\"color\":\"aqua\"},{\"text\":\"\\n\"},{\"text\":\"========== \",\"color\":\"yellow\"},{\"text\":\"&lt;&lt;\",\"color\":\"dark_red\",\"clickEvent\":{\"action\":\"suggest_command\",\"value\":\"</field></block></value><value name=\"ADD23\"><block type=\"text\"><field name=\"TEXT\">/eriniumhelp 5</field><comment pinned=\"false\" h=\"80\" w=\"160\">Ecrire ici</comment></block></value><value name=\"ADD24\"><block type=\"text\"><field name=\"TEXT\">\"}},{\"text\":\" </field></block></value><value name=\"ADD25\"><block type=\"text\"><field name=\"TEXT\">Page 6</field><comment pinned=\"false\" h=\"80\" w=\"160\">Ecrire ici</comment></block></value><value name=\"ADD26\"><block type=\"text\"><field name=\"TEXT\">\",\"color\":\"green\"},{\"text\":\" \",\"color\":\"yellow\"},{\"text\":\"&gt;&gt;\",\"color\":\"dark_red\",\"clickEvent\":{\"action\":\"suggest_command\",\"value\":\"</field></block></value><value name=\"ADD27\"><block type=\"text\"><field name=\"TEXT\">/eriniumhelp 6</field><comment pinned=\"false\" h=\"80\" w=\"160\">Ecrire ici</comment></block></value><value name=\"ADD28\"><block type=\"text\"><field name=\"TEXT\">\"}},{\"text\":\" ==========\",\"color\":\"yellow\"}]</field></block></value></block></value><value name=\"x\"><block type=\"coord_x\"></block></value><value name=\"y\"><block type=\"coord_y\"></block></value><value name=\"z\"><block type=\"coord_z\"></block></value></block></statement><statement name=\"ELSE\"><block type=\"execute_command\"><value name=\"command\"><block type=\"text_join\"><mutation items=\"29\"></mutation><value name=\"ADD0\"><block type=\"text\"><field name=\"TEXT\">tellraw </field></block></value><value name=\"ADD1\"><block type=\"entity_name\"><value name=\"entity\"><block type=\"entity_from_deps\"></block></value></block></value><value name=\"ADD2\"><block type=\"text\"><field name=\"TEXT\"> [\"\",{\"text\":\"==========\",\"color\":\"yellow\"},{\"text\":\" Erinium Help \",\"bold\":true,\"color\":\"#BB0410\"},{\"text\":\"==========\",\"color\":\"yellow\"},{\"text\":\"\\n\"},{\"text\":\"-\",\"color\":\"gold\"},{\"text\":\" \"},{\"text\":\"</field></block></value><value name=\"ADD3\"><block type=\"text\"><field name=\"TEXT\">/alchemistsell</field></block></value><value name=\"ADD4\"><block type=\"text\"><field name=\"TEXT\">\",\"bold\":true,\"underlined\":true,\"color\":\"green\",\"clickEvent\":{\"action\":\"suggest_command\",\"value\":\"/alchemistsell\"}},{\"text\":\" </field></block></value><value name=\"ADD5\"><block type=\"text\"><field name=\"TEXT\">Sell ​​all your bottles of amenine to earn xp</field></block></value><value name=\"ADD6\"><block type=\"text\"><field name=\"TEXT\">\",\"color\":\"aqua\"},{\"text\":\"\\n\"},{\"text\":\"-\",\"color\":\"gold\"},{\"text\":\" \"},{\"text\":\"</field></block></value><value name=\"ADD7\"><block type=\"text\"><field name=\"TEXT\">/credit</field></block></value><value name=\"ADD8\"><block type=\"text\"><field name=\"TEXT\">\",\"bold\":true,\"underlined\":true,\"color\":\"green\",\"clickEvent\":{\"action\":\"suggest_command\",\"value\":\"/credit\"}},{\"text\":\" </field></block></value><value name=\"ADD9\"><block type=\"text\"><field name=\"TEXT\">To know your credit</field></block></value><value name=\"ADD10\"><block type=\"text\"><field name=\"TEXT\">\",\"color\":\"aqua\"},{\"text\":\"\\n\"},{\"text\":\"-\",\"color\":\"gold\"},{\"text\":\" \"},{\"text\":\"</field></block></value><value name=\"ADD11\"><block type=\"text\"><field name=\"TEXT\">/credit-to-ftb-money</field></block></value><value name=\"ADD12\"><block type=\"text\"><field name=\"TEXT\">\",\"bold\":true,\"underlined\":true,\"color\":\"green\",\"clickEvent\":{\"action\":\"suggest_command\",\"value\":\"/credit-to-ftb-money &lt;amount&gt;\"}},{\"text\":\" </field></block></value><value name=\"ADD13\"><block type=\"text\"><field name=\"TEXT\">Convert your credit into FTB money mod money</field></block></value><value name=\"ADD14\"><block type=\"text\"><field name=\"TEXT\">\",\"color\":\"aqua\"},{\"text\":\"\\n\"},{\"text\":\"-\",\"color\":\"gold\"},{\"text\":\" \"},{\"text\":\"</field></block></value><value name=\"ADD15\"><block type=\"text\"><field name=\"TEXT\">/credittomoney</field></block></value><value name=\"ADD16\"><block type=\"text\"><field name=\"TEXT\">\",\"bold\":true,\"underlined\":true,\"color\":\"green\",\"clickEvent\":{\"action\":\"suggest_command\",\"value\":\"/credittomoney\"}},{\"text\":\" </field></block></value><value name=\"ADD17\"><block type=\"text\"><field name=\"TEXT\">Convert your credit into essentialsX plugin currency if activated on the server</field></block></value><value name=\"ADD18\"><block type=\"text\"><field name=\"TEXT\">\",\"color\":\"aqua\"},{\"text\":\"\\n\"},{\"text\":\"-\",\"color\":\"gold\"},{\"text\":\" \"},{\"text\":\"</field></block></value><value name=\"ADD19\"><block type=\"text\"><field name=\"TEXT\">/wiki</field></block></value><value name=\"ADD20\"><block type=\"text\"><field name=\"TEXT\">\",\"bold\":true,\"underlined\":true,\"color\":\"green\",\"clickEvent\":{\"action\":\"suggest_command\",\"value\":\"/wiki\"}},{\"text\":\" </field></block></value><value name=\"ADD21\"><block type=\"text\"><field name=\"TEXT\">Give the link of the erinium wiki</field></block></value><value name=\"ADD22\"><block type=\"text\"><field name=\"TEXT\">\",\"color\":\"aqua\"},{\"text\":\"\\n\"},{\"text\":\"========== \",\"color\":\"yellow\"},{\"text\":\"&lt;&lt;\",\"color\":\"dark_red\",\"clickEvent\":{\"action\":\"suggest_command\",\"value\":\"</field></block></value><value name=\"ADD23\"><block type=\"text\"><field name=\"TEXT\">/eriniumhelp 1</field></block></value><value name=\"ADD24\"><block type=\"text\"><field name=\"TEXT\">\"}},{\"text\":\" </field></block></value><value name=\"ADD25\"><block type=\"text\"><field name=\"TEXT\">Page 1</field></block></value><value name=\"ADD26\"><block type=\"text\"><field name=\"TEXT\">\",\"color\":\"green\"},{\"text\":\" \",\"color\":\"yellow\"},{\"text\":\"&gt;&gt;\",\"color\":\"dark_red\",\"clickEvent\":{\"action\":\"suggest_command\",\"value\":\"</field></block></value><value name=\"ADD27\"><block type=\"text\"><field name=\"TEXT\">/eriniumhelp 2</field></block></value><value name=\"ADD28\"><block type=\"text\"><field name=\"TEXT\">\"}},{\"text\":\" ==========\",\"color\":\"yellow\"}]</field></block></value></block></value><value name=\"x\"><block type=\"coord_x\"></block></value><value name=\"y\"><block type=\"coord_y\"></block></value><value name=\"z\"><block type=\"coord_z\"></block></value></block></statement></block></statement></block></next></block></xml>"
  }
}