{
  "_fv": 34,
  "_type": "gui",
  "definition": {
    "type": 1,
    "width": 176,
    "height": 166,
    "inventoryOffsetX": 0,
    "inventoryOffsetY": 0,
    "renderBgLayer": true,
    "doesPauseGame": false,
    "components": [
      {
        "type": "label",
        "data": {
          "text": "Cobble Void Station",
          "color": {
            "value": -12829636,
            "falpha": 0.0
          },
          "name": "Cobble Void Station",
          "x": 128,
          "y": 40
        }
      },
      {
        "type": "label",
        "data": {
          "text": "Dollars : §e<BNBT:number:dollars>$",
          "color": {
            "value": -14108411,
            "falpha": 0.0
          },
          "name": "Dollars : §e<BNBT:number:dollars>$",
          "x": 129,
          "y": 88
        }
      },
      {
        "type": "button",
        "data": {
          "text": "Send dollars",
          "onClick": {
            "name": "CobbleVoidBtnSendDollard"
          },
          "width": 93,
          "height": 20,
          "name": "Send dollars",
          "x": 129,
          "y": 98
        }
      },
      {
        "type": "label",
        "data": {
          "text": "100 blocks = 5$",
          "color": {
            "value": -12829636,
            "falpha": 0.0
          },
          "name": "100 blocks = 5$",
          "x": 128,
          "y": 48
        }
      }
    ],
    "gridSettings": {
      "sx": 18,
      "sy": 18,
      "ox": 11,
      "oy": 15,
      "snapOnGrid": false
    }
  }
}