{
  "_fv": 34,
  "_type": "recipe",
  "definition": {
    "recipeType": "Crafting",
    "xpReward": 0.0,
    "cookingTime": 200,
    "recipeRetstackSize": 1,
    "group": "",
    "recipeShapeless": false,
    "recipeSlots": [
      {
        "value": "CUSTOM:EriniumMatrixBlock"
      },
      {
        "value": "CUSTOM:AlmonieGem"
      },
      {
        "value": "CUSTOM:EriniumMatrixBlock"
      },
      {
        "value": "CUSTOM:EriniumMatrixBlock"
      },
      {
        "value": "CUSTOM:SpectriumBattery"
      },
      {
        "value": "Blocks.STONE_BUTTON"
      },
      {
        "value": "CUSTOM:EriniumMatrixBlock"
      },
      {
        "value": "Blocks.GLASS_PANE"
      },
      {
        "value": "CUSTOM:EriniumMatrixBlock"
      }
    ],
    "recipeReturnStack": {
      "value": "CUSTOM:LaserDrill"
    },
    "name": "craft_laser_drill",
    "namespace": "mod"
  }
}