{
  "_fv": 34,
  "_type": "gui",
  "definition": {
    "type": 1,
    "width": 427,
    "height": 240,
    "inventoryOffsetX": 0,
    "inventoryOffsetY": 38,
    "renderBgLayer": true,
    "doesPauseGame": false,
    "components": [
      {
        "type": "image",
        "data": {
          "image": "tier_1_wiki_blank.png",
          "use1Xscale": false,
          "name": "tier_1_wiki_blank.png",
          "x": 0,
          "y": 0
        }
      },
      {
        "type": "button",
        "data": {
          "text": "Back",
          "onClick": {
            "name": "Tier1OpenWiki"
          },
          "width": 46,
          "height": 20,
          "name": "Back",
          "x": 2,
          "y": 2
        }
      },
      {
        "type": "outputslot",
        "data": {
          "id": 0,
          "disableStackInteraction": true,
          "dropItemsWhenNotBound": false,
          "name": "Slot #0",
          "x": 153,
          "y": 63
        }
      },
      {
        "type": "outputslot",
        "data": {
          "id": 1,
          "disableStackInteraction": true,
          "dropItemsWhenNotBound": false,
          "name": "Slot #1",
          "x": 153,
          "y": 81
        }
      },
      {
        "type": "outputslot",
        "data": {
          "id": 2,
          "disableStackInteraction": true,
          "dropItemsWhenNotBound": false,
          "name": "Slot #2",
          "x": 153,
          "y": 99
        }
      },
      {
        "type": "outputslot",
        "data": {
          "id": 3,
          "disableStackInteraction": true,
          "dropItemsWhenNotBound": false,
          "name": "Slot #3",
          "x": 171,
          "y": 63
        }
      },
      {
        "type": "outputslot",
        "data": {
          "id": 4,
          "disableStackInteraction": true,
          "dropItemsWhenNotBound": false,
          "name": "Slot #4",
          "x": 171,
          "y": 81
        }
      },
      {
        "type": "outputslot",
        "data": {
          "id": 5,
          "disableStackInteraction": true,
          "dropItemsWhenNotBound": false,
          "name": "Slot #5",
          "x": 171,
          "y": 99
        }
      },
      {
        "type": "outputslot",
        "data": {
          "id": 6,
          "disableStackInteraction": true,
          "dropItemsWhenNotBound": false,
          "name": "Slot #6",
          "x": 189,
          "y": 99
        }
      },
      {
        "type": "outputslot",
        "data": {
          "id": 7,
          "disableStackInteraction": true,
          "dropItemsWhenNotBound": false,
          "name": "Slot #7",
          "x": 189,
          "y": 81
        }
      },
      {
        "type": "outputslot",
        "data": {
          "id": 8,
          "disableStackInteraction": true,
          "dropItemsWhenNotBound": false,
          "name": "Slot #8",
          "x": 189,
          "y": 63
        }
      },
      {
        "type": "outputslot",
        "data": {
          "id": 9,
          "disableStackInteraction": true,
          "dropItemsWhenNotBound": false,
          "name": "Slot #9",
          "x": 225,
          "y": 81
        }
      },
      {
        "type": "image",
        "data": {
          "image": "tier_1_wiki_cale.png",
          "use1Xscale": false,
          "name": "tier_1_wiki_cale.png",
          "x": 153,
          "y": 63
        }
      }
    ],
    "onTick": {
      "name": "CraftMatrixIngotWhileThisGUIIsOpenTick"
    },
    "gridSettings": {
      "sx": 18,
      "sy": 18,
      "ox": 17,
      "oy": 17,
      "snapOnGrid": true
    }
  }
}