{
  "_fv": 34,
  "_type": "recipe",
  "definition": {
    "recipeType": "Crafting",
    "xpReward": 0.0,
    "cookingTime": 200,
    "recipeRetstackSize": 1,
    "group": "",
    "recipeShapeless": false,
    "recipeSlots": [
      {
        "value": "Blocks.GOLD_BLOCK"
      },
      {
        "value": "CUSTOM:BlackMetal"
      },
      {
        "value": "Blocks.GOLD_BLOCK"
      },
      {
        "value": "CUSTOM:BlackMetal"
      },
      {
        "value": "CUSTOM:CobbleVoid"
      },
      {
        "value": "CUSTOM:BlackMetal"
      },
      {
        "value": "Blocks.GOLD_BLOCK"
      },
      {
        "value": "CUSTOM:BlackMetal"
      },
      {
        "value": "Blocks.GOLD_BLOCK"
      }
    ],
    "recipeReturnStack": {
      "value": "CUSTOM:CobbleVoidStation"
    },
    "name": "craft_cobble_void_station",
    "namespace": "mod"
  }
}