{
  "_fv": 34,
  "_type": "recipe",
  "definition": {
    "recipeType": "Crafting",
    "xpReward": 0.0,
    "cookingTime": 200,
    "recipeRetstackSize": 1,
    "group": "",
    "recipeShapeless": false,
    "recipeSlots": [
      {
        "value": "CUSTOM:BlackMetal"
      },
      {
        "value": "CUSTOM:PrintedCircuitBoard"
      },
      {
        "value": "CUSTOM:BlackMetal"
      },
      {
        "value": "CUSTOM:BlackMetal"
      },
      {
        "value": "CUSTOM:SpectriumBlock"
      },
      {
        "value": "CUSTOM:DraniteGem"
      },
      {
        "value": "CUSTOM:BlackMetal"
      },
      {
        "value": "CUSTOM:BlackMetal"
      },
      {
        "value": "CUSTOM:BlackMetal"
      }
    ],
    "recipeReturnStack": {
      "value": "CUSTOM:EnergySeller"
    },
    "name": "craft_energy_seller",
    "namespace": "mod"
  }
}