{
  "_fv": 34,
  "_type": "recipe",
  "definition": {
    "recipeType": "Crafting",
    "xpReward": 0.0,
    "cookingTime": 200,
    "recipeRetstackSize": 1,
    "group": "",
    "recipeShapeless": false,
    "recipeSlots": [
      {
        "value": "CUSTOM:EriniumMatrixBlock"
      },
      {
        "value": "Blocks.CHEST"
      },
      {
        "value": "CUSTOM:EriniumMatrixBlock"
      },
      {
        "value": "CUSTOM:EriniumMatrixBlock"
      },
      {
        "value": "CUSTOM:SpectriumBattery"
      },
      {
        "value": "CUSTOM:EriniumMatrixBlock"
      },
      {
        "value": "CUSTOM:AstralMinerFoot"
      },
      {
        "value": "CUSTOM:AstralMinerLaserModule"
      },
      {
        "value": "CUSTOM:AstralMinerFoot"
      }
    ],
    "recipeReturnStack": {
      "value": "CUSTOM:AstralMiner"
    },
    "name": "craft_astral_miner",
    "namespace": "mod"
  }
}