{
  "_fv": 34,
  "_type": "recipe",
  "definition": {
    "recipeType": "Crafting",
    "xpReward": 0.0,
    "cookingTime": 200,
    "recipeRetstackSize": 1,
    "group": "",
    "recipeShapeless": false,
    "recipeSlots": [
      {
        "value": "CUSTOM:EriniumIngot"
      },
      {
        "value": "CUSTOM:DraniteGem"
      },
      {
        "value": "CUSTOM:EriniumIngot"
      },
      {
        "value": "CUSTOM:EriniumIngot"
      },
      {
        "value": "TAG:forge:ingots/silver"
      },
      {
        "value": "CUSTOM:EriniumIngot"
      },
      {
        "value": "Blocks.OBSIDIAN"
      },
      {
        "value": "Blocks.OBSIDIAN"
      },
      {
        "value": "Blocks.OBSIDIAN"
      }
    ],
    "recipeReturnStack": {
      "value": "CUSTOM:ExtractorEmpty"
    },
    "name": "craft_extractor",
    "namespace": "mod"
  }
}