{
  "_fv": 34,
  "_type": "recipe",
  "definition": {
    "recipeType": "Crafting",
    "xpReward": 0.0,
    "cookingTime": 200,
    "recipeRetstackSize": 1,
    "group": "",
    "recipeShapeless": false,
    "recipeSlots": [
      {
        "value": "CUSTOM:LeadIngot"
      },
      {
        "value": "CUSTOM:DraniteGem"
      },
      {
        "value": "CUSTOM:LeadIngot"
      },
      {
        "value": "CUSTOM:FabricRoll"
      },
      {
        "value": "Items.LEATHER_CHESTPLATE"
      },
      {
        "value": "CUSTOM:FabricRoll"
      },
      {
        "value": "CUSTOM:LeadIngot"
      },
      {
        "value": "CUSTOM:DraniteGem"
      },
      {
        "value": "CUSTOM:LeadIngot"
      }
    ],
    "recipeReturnStack": {
      "value": "CUSTOM:SpacesuitArmor.body"
    },
    "name": "craft_spacesuit_chestplate",
    "namespace": "mod"
  }
}