{
  "_fv": 34,
  "_type": "procedure",
  "definition": {
    "procedurexml": "<xml xmlns=\"https://developers.google.com/blockly/xml\"><block type=\"execute_command\" x=\"1583\" y=\"-108\"><value name=\"command\"><block type=\"text_join\"><mutation items=\"3\"></mutation><value name=\"ADD0\"><block type=\"text\"><field name=\"TEXT\">/tellraw </field></block></value><value name=\"ADD1\"><block type=\"text\"><field name=\"TEXT\">@a</field></block></value><value name=\"ADD2\"><block type=\"text_join\"><mutation items=\"3\"></mutation><value name=\"ADD0\"><block type=\"text\"><field name=\"TEXT\"> [{\"text\":\"</field></block></value><value name=\"ADD1\"><block type=\"text\"><field name=\"TEXT\">Votre texte avec §4couleur (&amp;4)</field></block></value><value name=\"ADD2\"><block type=\"text\"><field name=\"TEXT\">\"}]</field></block></value></block></value></block></value><value name=\"x\"><block type=\"coord_x\"></block></value><value name=\"y\"><block type=\"coord_y\"></block></value><value name=\"z\"><block type=\"coord_z\"></block></value><next><block type=\"execute_command\"><value name=\"command\"><block type=\"text_join\"><mutation items=\"3\"></mutation><value name=\"ADD0\"><block type=\"text\"><field name=\"TEXT\">/tellraw </field></block></value><value name=\"ADD1\"><block type=\"text\"><field name=\"TEXT\">@a</field></block></value><value name=\"ADD2\"><block type=\"text_join\"><mutation items=\"5\"></mutation><value name=\"ADD0\"><block type=\"text\"><field name=\"TEXT\"> [{\"text\":\"</field></block></value><value name=\"ADD1\"><block type=\"text\"><field name=\"TEXT\">Votre texte avec des couleur en HEX (#DB1471)</field></block></value><value name=\"ADD2\"><block type=\"text\"><field name=\"TEXT\">\",\"color\":\"</field></block></value><value name=\"ADD3\"><block type=\"text\"><field name=\"TEXT\">#DB1471</field></block></value><value name=\"ADD4\"><block type=\"text\"><field name=\"TEXT\">\"}]</field></block></value></block></value></block></value><value name=\"x\"><block type=\"coord_x\"></block></value><value name=\"y\"><block type=\"coord_y\"></block></value><value name=\"z\"><block type=\"coord_z\"></block></value><next><block type=\"execute_command\"><value name=\"command\"><block type=\"text_join\"><mutation items=\"3\"></mutation><value name=\"ADD0\"><block type=\"text\"><field name=\"TEXT\">/tellraw </field></block></value><value name=\"ADD1\"><block type=\"text\"><field name=\"TEXT\">@a</field></block></value><value name=\"ADD2\"><block type=\"text_join\"><mutation items=\"7\"></mutation><value name=\"ADD0\"><block type=\"text\"><field name=\"TEXT\"> [{\"text\":\"</field></block></value><value name=\"ADD1\"><block type=\"text\"><field name=\"TEXT\">Text 1</field></block></value><value name=\"ADD2\"><block type=\"text\"><field name=\"TEXT\">\",\"color\":\"</field></block></value><value name=\"ADD3\"><block type=\"text\"><field name=\"TEXT\">#DB1471</field></block></value><value name=\"ADD4\"><block type=\"text\"><field name=\"TEXT\">\"},</field></block></value><value name=\"ADD5\"><block type=\"text\"><field name=\"TEXT\">{\"text\":\"\\n\"},</field></block></value><value name=\"ADD6\"><block type=\"text_join\"><mutation items=\"5\"></mutation><value name=\"ADD0\"><block type=\"text\"><field name=\"TEXT\">{\"text\":\"</field></block></value><value name=\"ADD1\"><block type=\"text\"><field name=\"TEXT\">Text 2</field></block></value><value name=\"ADD2\"><block type=\"text\"><field name=\"TEXT\">\",\"color\":\"</field></block></value><value name=\"ADD3\"><block type=\"text\"><field name=\"TEXT\">#BD16F0</field></block></value><value name=\"ADD4\"><block type=\"text\"><field name=\"TEXT\">\"}]</field></block></value></block></value></block></value></block></value><value name=\"x\"><block type=\"coord_x\"></block></value><value name=\"y\"><block type=\"coord_y\"></block></value><value name=\"z\"><block type=\"coord_z\"></block></value></block></next></block></next></block><block type=\"event_trigger\" deletable=\"false\" x=\"40\" y=\"40\"><field name=\"trigger\">no_ext_trigger</field><next><block type=\"controls_if\"><mutation elseif=\"1\"></mutation><value name=\"IF0\"><block type=\"text_binary_ops\"><value name=\"A\"><block type=\"variables_get_string\"><mutation xmlns=\"http://www.w3.org/1999/xhtml\" is_player_var=\"true\" has_entity=\"true\"></mutation><field name=\"VAR\">global:serverLanguage</field><value name=\"entity\"><block type=\"entity_from_deps\"></block></value></block></value><value name=\"B\"><block type=\"text\"><field name=\"TEXT\">FR</field></block></value></block></value><statement name=\"DO0\"><block type=\"execute_command\"><value name=\"command\"><block type=\"text_join\"><mutation items=\"3\"></mutation><value name=\"ADD0\"><block type=\"text\"><field name=\"TEXT\">/tellraw </field></block></value><value name=\"ADD1\"><block type=\"text\"><field name=\"TEXT\">@a</field></block></value><value name=\"ADD2\"><block type=\"text_join\"><mutation items=\"3\"></mutation><value name=\"ADD0\"><block type=\"text\"><field name=\"TEXT\"> [{\"text\":\"</field></block></value><value name=\"ADD1\"><block type=\"text\"><field name=\"TEXT\">§a===== §3Liste des emojis §a=====</field></block></value><value name=\"ADD2\"><block type=\"text\"><field name=\"TEXT\">\"}]</field></block></value></block></value></block></value><value name=\"x\"><block type=\"coord_x\"></block></value><value name=\"y\"><block type=\"coord_y\"></block></value><value name=\"z\"><block type=\"coord_z\"></block></value><next><block type=\"execute_command\"><value name=\"command\"><block type=\"text_join\"><mutation items=\"3\"></mutation><value name=\"ADD0\"><block type=\"text\"><field name=\"TEXT\">/tellraw </field></block></value><value name=\"ADD1\"><block type=\"text\"><field name=\"TEXT\">@a</field></block></value><value name=\"ADD2\"><block type=\"text_join\"><mutation items=\"3\"></mutation><value name=\"ADD0\"><block type=\"text\"><field name=\"TEXT\"> [{\"text\":\"</field></block></value><value name=\"ADD1\"><block type=\"text\"><field name=\"TEXT\">§b- §e:erinium: = §f\\uE001</field></block></value><value name=\"ADD2\"><block type=\"text\"><field name=\"TEXT\">\"}]</field></block></value></block></value></block></value><value name=\"x\"><block type=\"coord_x\"></block></value><value name=\"y\"><block type=\"coord_y\"></block></value><value name=\"z\"><block type=\"coord_z\"></block></value><next><block type=\"execute_command\"><value name=\"command\"><block type=\"text_join\"><mutation items=\"3\"></mutation><value name=\"ADD0\"><block type=\"text\"><field name=\"TEXT\">/tellraw </field></block></value><value name=\"ADD1\"><block type=\"text\"><field name=\"TEXT\">@a</field></block></value><value name=\"ADD2\"><block type=\"text_join\"><mutation items=\"3\"></mutation><value name=\"ADD0\"><block type=\"text\"><field name=\"TEXT\"> [{\"text\":\"</field></block></value><value name=\"ADD1\"><block type=\"text\"><field name=\"TEXT\">§b- §e:Membre: = §f\\uE002\\uF801\\uE003\\uF801\\uE004\\uF801\\uE005</field></block></value><value name=\"ADD2\"><block type=\"text\"><field name=\"TEXT\">\"}]</field></block></value></block></value></block></value><value name=\"x\"><block type=\"coord_x\"></block></value><value name=\"y\"><block type=\"coord_y\"></block></value><value name=\"z\"><block type=\"coord_z\"></block></value></block></next></block></next></block></statement><value name=\"IF1\"><block type=\"text_binary_ops\"><value name=\"A\"><block type=\"variables_get_string\"><mutation xmlns=\"http://www.w3.org/1999/xhtml\" is_player_var=\"true\" has_entity=\"true\"></mutation><field name=\"VAR\">global:serverLanguage</field><value name=\"entity\"><block type=\"entity_from_deps\"></block></value></block></value><value name=\"B\"><block type=\"text\"><field name=\"TEXT\">EN</field></block></value></block></value><statement name=\"DO1\"><block type=\"execute_command\"><value name=\"command\"><block type=\"text_join\"><mutation items=\"3\"></mutation><value name=\"ADD0\"><block type=\"text\"><field name=\"TEXT\">/tellraw </field></block></value><value name=\"ADD1\"><block type=\"text\"><field name=\"TEXT\">@a</field></block></value><value name=\"ADD2\"><block type=\"text_join\"><mutation items=\"3\"></mutation><value name=\"ADD0\"><block type=\"text\"><field name=\"TEXT\"> [{\"text\":\"</field></block></value><value name=\"ADD1\"><block type=\"text\"><field name=\"TEXT\">§a===== §3Emoji list §a=====</field></block></value><value name=\"ADD2\"><block type=\"text\"><field name=\"TEXT\">\"}]</field></block></value></block></value></block></value><value name=\"x\"><block type=\"coord_x\"></block></value><value name=\"y\"><block type=\"coord_y\"></block></value><value name=\"z\"><block type=\"coord_z\"></block></value><next><block type=\"execute_command\"><value name=\"command\"><block type=\"text_join\"><mutation items=\"3\"></mutation><value name=\"ADD0\"><block type=\"text\"><field name=\"TEXT\">/tellraw </field></block></value><value name=\"ADD1\"><block type=\"text\"><field name=\"TEXT\">@a</field></block></value><value name=\"ADD2\"><block type=\"text_join\"><mutation items=\"3\"></mutation><value name=\"ADD0\"><block type=\"text\"><field name=\"TEXT\"> [{\"text\":\"</field></block></value><value name=\"ADD1\"><block type=\"text\"><field name=\"TEXT\">§b- §e:erinium: = §f\\uE001</field></block></value><value name=\"ADD2\"><block type=\"text\"><field name=\"TEXT\">\"}]</field></block></value></block></value></block></value><value name=\"x\"><block type=\"coord_x\"></block></value><value name=\"y\"><block type=\"coord_y\"></block></value><value name=\"z\"><block type=\"coord_z\"></block></value><next><block type=\"execute_command\"><value name=\"command\"><block type=\"text_join\"><mutation items=\"3\"></mutation><value name=\"ADD0\"><block type=\"text\"><field name=\"TEXT\">/tellraw </field></block></value><value name=\"ADD1\"><block type=\"text\"><field name=\"TEXT\">@a</field></block></value><value name=\"ADD2\"><block type=\"text_join\"><mutation items=\"3\"></mutation><value name=\"ADD0\"><block type=\"text\"><field name=\"TEXT\"> [{\"text\":\"</field></block></value><value name=\"ADD1\"><block type=\"text\"><field name=\"TEXT\">§b- §e:Membre: = §f\\uE002\\uF801\\uE003\\uF801\\uE004\\uF801\\uE005</field></block></value><value name=\"ADD2\"><block type=\"text\"><field name=\"TEXT\">\"}]</field></block></value></block></value></block></value><value name=\"x\"><block type=\"coord_x\"></block></value><value name=\"y\"><block type=\"coord_y\"></block></value><value name=\"z\"><block type=\"coord_z\"></block></value></block></next></block></next></block></statement></block></next></block></xml>"
  }
}