{
  "_fv": 34,
  "_type": "procedure",
  "definition": {
    "procedurexml": "<?xml version=\"1.0\" encoding=\"UTF-8\" standalone=\"no\"?><xml xmlns=\"https://developers.google.com/blockly/xml\"><block deletable=\"false\" type=\"event_trigger\" x=\"40\" y=\"40\"><field name=\"trigger\">no_ext_trigger</field><next><block type=\"execute_command\"><value name=\"command\"><block type=\"text_join\"><mutation items=\"4\"/><value name=\"ADD0\"><block type=\"text\"><field name=\"TEXT\">/tellraw </field></block></value><value name=\"ADD1\"><block type=\"entity_name\"><value name=\"entity\"><block type=\"entity_from_deps\"/></value></block></value><value name=\"ADD2\"><block type=\"text\"><field name=\"TEXT\"> </field></block></value><value name=\"ADD3\"><block type=\"text\"><field name=\"TEXT\">[\"\",{\"text\":\"§b§n&gt; Erinium Wiki &lt;\",\"underlined\":true,\"clickEvent\":{\"action\":\"open_url\",\"value\":\"https://jlskyzer-home.netlify.app/wiki/\"}}]</field></block></value></block></value><value name=\"x\"><block type=\"coord_x\"/></value><value name=\"y\"><block type=\"coord_y\"/></value><value name=\"z\"><block type=\"coord_z\"/></value></block></next></block></xml>"
  }
}