{
  "_fv": 34,
  "_type": "command",
  "definition": {
    "commandName": "eriniumhelp",
    "permissionLevel": "No requirement",
    "argsxml": "<xml xmlns=\"https://developers.google.com/blockly/xml\"><block type=\"args_start\" deletable=\"false\" x=\"40\" y=\"40\"><next><block type=\"number_min\"><field name=\"name\">page</field><field name=\"min\">1</field><statement name=\"args\"><block type=\"call_procedure\"><field name=\"procedure\">CmdEriniumHelp</field></block></statement></block></next></block></xml>"
  }
}