{
  "_fv": 34,
  "_type": "tool",
  "definition": {
    "renderType": 0,
    "texture": "erinium_matrix_sword",
    "customModelName": "Normal",
    "name": "§2§k|| §r§1Erinium Matrix Sword §2§k||",
    "specialInfo": [],
    "creativeTab": {
      "value": "CUSTOM:EriniumTools"
    },
    "toolType": "Sword",
    "harvestLevel": 4,
    "efficiency": 14.0,
    "attackSpeed": 100.0,
    "enchantability": 28,
    "damageVsEntity": 9.0,
    "usageCount": 3000,
    "blocksAffected": [],
    "hasGlow": false,
    "repairItems": [
      {
        "value": "CUSTOM:EriniumMatrixIngot"
      }
    ],
    "immuneToFire": false,
    "stayInGridWhenCrafting": false,
    "damageOnCrafting": false
  }
}