{
  "_fv": 34,
  "_type": "command",
  "definition": {
    "commandName": "wiki",
    "permissionLevel": "No requirement",
    "argsxml": "<xml xmlns=\"https://developers.google.com/blockly/xml\"><block type=\"args_start\" deletable=\"false\" x=\"40\" y=\"40\"><next><block type=\"call_procedure\"><field name=\"procedure\">EriniumWikiCommandExecuted</field></block></next></block><block type=\"old_command\" x=\"420\" y=\"97\"><field name=\"procedure\">EriniumWikiCommandExecuted</field></block></xml>"
  }
}