{
  "_fv": 34,
  "_type": "dimension",
  "definition": {
    "biomesInDimension": [
      {
        "value": "nether"
      },
      {
        "value": "crimson_forest"
      },
      {
        "value": "warped_forest"
      },
      {
        "value": "soul_sand_valley"
      },
      {
        "value": "basalt_deltas"
      }
    ],
    "worldGenType": "Nether like gen",
    "mainFillerBlock": {
      "value": "Blocks.NETHERRACK"
    },
    "fluidBlock": {
      "value": "Blocks.FLOWING_LAVA"
    },
    "canRespawnHere": false,
    "hasFog": false,
    "isDark": false,
    "doesWaterVaporize": true,
    "sleepResult": "BED_EXPLODES",
    "hasSkyLight": false,
    "imitateOverworldBehaviour": false,
    "portalFrame": {
      "value": "CUSTOM:EriniumObsidian"
    },
    "portalParticles": {
      "value": "PORTAL"
    },
    "portalLuminance": 15,
    "portalSound": {
      "value": "block.portal.ambient"
    },
    "igniterName": "Erinium Nether Igniter",
    "igniterTab": {
      "value": "CUSTOM:EriniumItems"
    },
    "texture": "",
    "portalTexture": "",
    "enablePortal": false
  }
}