{
  "_fv": 34,
  "_type": "dimension",
  "definition": {
    "biomesInDimension": [
      {
        "value": "CUSTOM:AmenineBiome"
      },
      {
        "value": "CUSTOM:MagicalForest"
      },
      {
        "value": "CUSTOM:SciningBiome"
      },
      {
        "value": "badlands"
      },
      {
        "value": "bamboo_jungle"
      },
      {
        "value": "bamboo_jungle_hills"
      },
      {
        "value": "beaches"
      },
      {
        "value": "birch_forest"
      },
      {
        "value": "plains"
      },
      {
        "value": "snowy_tundra"
      },
      {
        "value": "mutated_forest"
      },
      {
        "value": "desert"
      },
      {
        "value": "roofed_forest"
      },
      {
        "value": "jungle"
      },
      {
        "value": "river"
      },
      {
        "value": "CUSTOM:IcyForest"
      },
      {
        "value": "CUSTOM:RedJungleBiome"
      },
      {
        "value": "cold_ocean"
      },
      {
        "value": "deep_frozen_ocean"
      },
      {
        "value": "deep_ocean"
      },
      {
        "value": "ocean"
      },
      {
        "value": "warm_ocean"
      }
    ],
    "worldGenType": "Normal world gen",
    "mainFillerBlock": {
      "value": "Blocks.STONE#0"
    },
    "fluidBlock": {
      "value": "Blocks.FLOWING_WATER"
    },
    "canRespawnHere": true,
    "hasFog": false,
    "isDark": false,
    "doesWaterVaporize": false,
    "sleepResult": "ALLOW",
    "hasSkyLight": true,
    "imitateOverworldBehaviour": true,
    "portalFrame": {
      "value": ""
    },
    "portalParticles": {
      "value": "PORTAL"
    },
    "portalLuminance": 0,
    "portalSound": {
      "value": "block.portal.ambient"
    },
    "igniterName": "Faction Alpha Portal Igniter",
    "igniterTab": {
      "value": "TOOLS"
    },
    "texture": "",
    "portalTexture": "",
    "enablePortal": false
  }
}