{
  "_fv": 34,
  "_type": "tag",
  "definition": {
    "type": "Items",
    "items": [
      {
        "value": "CUSTOM:EriniumOre"
      },
      {
        "value": "CUSTOM:SiliconeOre"
      },
      {
        "value": "CUSTOM:DraniteOre"
      },
      {
        "value": "CUSTOM:CopperOre"
      },
      {
        "value": "CUSTOM:LeadOre"
      },
      {
        "value": "CUSTOM:SilverOre"
      },
      {
        "value": "CUSTOM:EriniumOreMoon"
      },
      {
        "value": "CUSTOM:SpectriumOre"
      },
      {
        "value": "CUSTOM:CandyCoalOre"
      },
      {
        "value": "CUSTOM:CandyIronOre"
      },
      {
        "value": "CUSTOM:CandyGoldOre"
      },
      {
        "value": "CUSTOM:CandyRedstoneOre"
      },
      {
        "value": "CUSTOM:CandyDiamondOre"
      },
      {
        "value": "CUSTOM:CandyLapisOre"
      },
      {
        "value": "CUSTOM:CandyEmeralOre"
      },
      {
        "value": "CUSTOM:CandyEriniumOre"
      },
      {
        "value": "CUSTOM:CandyCopperOre"
      },
      {
        "value": "CUSTOM:CandySilverOre"
      },
      {
        "value": "CUSTOM:CandyLeadOre"
      },
      {
        "value": "CUSTOM:RockVolcano"
      }
    ],
    "blocks": [],
    "functions": [],
    "entities": [],
    "biomes": [],
    "name": "ores",
    "namespace": "forge"
  }
}