{
  "_fv": 34,
  "_type": "tag",
  "definition": {
    "type": "Items",
    "items": [
      {
        "value": "CUSTOM:EriniumIngot"
      },
      {
        "value": "CUSTOM:SiliconeFragment"
      },
      {
        "value": "CUSTOM:DraniteGem"
      },
      {
        "value": "CUSTOM:CopperIngot"
      },
      {
        "value": "CUSTOM:LeadIngot"
      },
      {
        "value": "CUSTOM:SilverIngot"
      },
      {
        "value": "CUSTOM:SetanumIngot"
      },
      {
        "value": "CUSTOM:AlmonieGem"
      },
      {
        "value": "CUSTOM:EriniumMatrixIngot"
      }
    ],
    "blocks": [],
    "functions": [],
    "entities": [],
    "biomes": [],
    "name": "ingots",
    "namespace": "forge"
  }
}