{
  "_fv": 34,
  "_type": "procedure",
  "definition": {
    "procedurexml": "<xml xmlns=\"https://developers.google.com/blockly/xml\"><variables><variable type=\"JsonObject\" id=\"JsonObject1\">JsonObject1</variable><variable type=\"JsonObject\" id=\"JsonObject2\">JsonObject2</variable><variable type=\"File\" id=\"file\">file</variable><variable type=\"Boolean\" id=\"can\">can</variable><variable type=\"String\" id=\"tempText\">tempText</variable></variables><block type=\"event_trigger\" deletable=\"false\" x=\"40\" y=\"40\"><field name=\"trigger\">no_ext_trigger</field><next><block type=\"variables_set_file\"><mutation xmlns=\"http://www.w3.org/1999/xhtml\" is_player_var=\"false\" has_entity=\"false\"></mutation><field name=\"VAR\">local:file</field><value name=\"VAL\"><block type=\"file_variable\"><mutation xmlns=\"http://www.w3.org/1999/xhtml\" is_player_var=\"false\" has_entity=\"false\"></mutation><field name=\"VAR\">local:file</field><value name=\"name\"><block type=\"text_join\"><mutation items=\"2\"></mutation><value name=\"ADD0\"><block type=\"get_command_parameter_string\"><field name=\"param\">uuid</field></block></value><value name=\"ADD1\"><block type=\"text\"><field name=\"TEXT\">.json</field></block></value></block></value><value name=\"location\"><block type=\"text_join\"><mutation items=\"2\"></mutation><value name=\"ADD0\"><block type=\"get_game_directory\"></block></value><value name=\"ADD1\"><block type=\"text\"><field name=\"TEXT\">/config/erinium/gemme/</field></block></value></block></value></block></value><next><block type=\"controls_if\"><value name=\"IF0\"><block type=\"file_exists\"><mutation xmlns=\"http://www.w3.org/1999/xhtml\" is_player_var=\"false\" has_entity=\"false\"></mutation><field name=\"VAR\">local:file</field></block></value><statement name=\"DO0\"><block type=\"read_json\"><mutation xmlns=\"http://www.w3.org/1999/xhtml\" is_player_var=\"false\" has_entity=\"false\"></mutation><field name=\"VAR\">local:file</field><field name=\"JOBJVAR\">local:JsonObject2</field><statement name=\"values\"><block type=\"execute_command\"><value name=\"command\"><block type=\"text_join\"><mutation items=\"7\"></mutation><value name=\"ADD0\"><block type=\"text\"><field name=\"TEXT\">tellraw </field></block></value><value name=\"ADD1\"><block type=\"entity_name\"><value name=\"entity\"><block type=\"entity_from_deps\"></block></value></block></value><value name=\"ADD2\"><block type=\"text\"><field name=\"TEXT\"> {\"text\":\"</field></block></value><value name=\"ADD3\"><block type=\"text\"><field name=\"TEXT\">§aNombre de gemme : §6</field></block></value><value name=\"ADD4\"><block type=\"text_format_number\"><value name=\"number\"><block type=\"math_singular_ops\"><field name=\"OP\">ROUND</field><value name=\"NUM\"><block type=\"get_json_number\"><mutation xmlns=\"http://www.w3.org/1999/xhtml\" is_player_var=\"false\" has_entity=\"false\"></mutation><field name=\"VAR\">local:JsonObject2</field><value name=\"name\"><block type=\"text\"><field name=\"TEXT\">gemme</field></block></value></block></value></block></value><value name=\"format\"><block type=\"text\"><field name=\"TEXT\">##</field></block></value></block></value><value name=\"ADD5\"><block type=\"text\"><field name=\"TEXT\">§r\\uE007</field></block></value><value name=\"ADD6\"><block type=\"text\"><field name=\"TEXT\">\"}</field></block></value></block></value><value name=\"x\"><block type=\"coord_x\"></block></value><value name=\"y\"><block type=\"coord_y\"></block></value><value name=\"z\"><block type=\"coord_z\"></block></value></block></statement></block></statement></block></next></block></next></block></xml>"
  }
}