{
  "_fv": 34,
  "_type": "gui",
  "definition": {
    "type": 1,
    "width": 176,
    "height": 188,
    "inventoryOffsetX": 0,
    "inventoryOffsetY": 13,
    "renderBgLayer": true,
    "doesPauseGame": false,
    "components": [
      {
        "type": "inputslot",
        "data": {
          "inputLimit": {
            "value": ""
          },
          "color": {
            "value": -10092442,
            "falpha": 0.0
          },
          "id": 0,
          "disableStackInteraction": false,
          "dropItemsWhenNotBound": true,
          "name": "Slot #0",
          "x": 150,
          "y": 93
        }
      },
      {
        "type": "inputslot",
        "data": {
          "inputLimit": {
            "value": ""
          },
          "color": {
            "value": -10092442,
            "falpha": 0.0
          },
          "id": 1,
          "disableStackInteraction": false,
          "dropItemsWhenNotBound": true,
          "name": "Slot #1",
          "x": 150,
          "y": 75
        }
      },
      {
        "type": "inputslot",
        "data": {
          "inputLimit": {
            "value": ""
          },
          "color": {
            "value": -10092442,
            "falpha": 0.0
          },
          "id": 2,
          "disableStackInteraction": false,
          "dropItemsWhenNotBound": true,
          "name": "Slot #2",
          "x": 150,
          "y": 57
        }
      },
      {
        "type": "inputslot",
        "data": {
          "inputLimit": {
            "value": ""
          },
          "color": {
            "value": -10092442,
            "falpha": 0.0
          },
          "id": 3,
          "disableStackInteraction": false,
          "dropItemsWhenNotBound": true,
          "name": "Slot #3",
          "x": 168,
          "y": 93
        }
      },
      {
        "type": "inputslot",
        "data": {
          "inputLimit": {
            "value": ""
          },
          "color": {
            "value": -10092442,
            "falpha": 0.0
          },
          "id": 4,
          "disableStackInteraction": false,
          "dropItemsWhenNotBound": true,
          "name": "Slot #4",
          "x": 168,
          "y": 75
        }
      },
      {
        "type": "inputslot",
        "data": {
          "inputLimit": {
            "value": ""
          },
          "color": {
            "value": -10092442,
            "falpha": 0.0
          },
          "id": 5,
          "disableStackInteraction": false,
          "dropItemsWhenNotBound": true,
          "name": "Slot #5",
          "x": 168,
          "y": 57
        }
      },
      {
        "type": "inputslot",
        "data": {
          "inputLimit": {
            "value": ""
          },
          "color": {
            "value": -10092442,
            "falpha": 0.0
          },
          "id": 6,
          "disableStackInteraction": false,
          "dropItemsWhenNotBound": true,
          "name": "Slot #6",
          "x": 186,
          "y": 93
        }
      },
      {
        "type": "inputslot",
        "data": {
          "inputLimit": {
            "value": ""
          },
          "color": {
            "value": -10092442,
            "falpha": 0.0
          },
          "id": 7,
          "disableStackInteraction": false,
          "dropItemsWhenNotBound": true,
          "name": "Slot #7",
          "x": 186,
          "y": 75
        }
      },
      {
        "type": "inputslot",
        "data": {
          "inputLimit": {
            "value": ""
          },
          "color": {
            "value": -10092442,
            "falpha": 0.0
          },
          "id": 8,
          "disableStackInteraction": false,
          "dropItemsWhenNotBound": true,
          "name": "Slot #8",
          "x": 186,
          "y": 57
        }
      },
      {
        "type": "outputslot",
        "data": {
          "id": 9,
          "disableStackInteraction": false,
          "dropItemsWhenNotBound": true,
          "name": "Slot #9",
          "x": 222,
          "y": 75
        }
      },
      {
        "type": "label",
        "data": {
          "text": "Erinium Workbench Tier 1",
          "color": {
            "value": -10092442,
            "falpha": 0.0
          },
          "name": "Erinium Workbench Tier 1",
          "x": 132,
          "y": 30
        }
      },
      {
        "type": "image",
        "data": {
          "image": "tier_1_workbench_panel.png",
          "use1Xscale": false,
          "name": "tier_1_workbench_panel.png",
          "x": 125,
          "y": 26
        }
      },
      {
        "type": "button",
        "data": {
          "text": "X1",
          "onClick": {
            "name": "Tier1CraftBtn"
          },
          "width": 36,
          "height": 20,
          "name": "X1",
          "x": 249,
          "y": 57
        }
      },
      {
        "type": "button",
        "data": {
          "text": "MAX",
          "onClick": {
            "name": "Tier1CraftMAX"
          },
          "width": 36,
          "height": 20,
          "name": "MAX",
          "x": 249,
          "y": 84
        }
      },
      {
        "type": "button",
        "data": {
          "text": "?",
          "onClick": {
            "name": "Tier1OpenWiki"
          },
          "width": 20,
          "height": 20,
          "name": "?",
          "x": 279,
          "y": 28
        }
      }
    ],
    "gridSettings": {
      "sx": 18,
      "sy": 18,
      "ox": 46,
      "oy": 5,
      "snapOnGrid": false
    }
  }
}