{
  "_fv": 34,
  "_type": "biome",
  "definition": {
    "name": "Icy Forest",
    "groundBlock": {
      "value": "Blocks.GRASS"
    },
    "undergroundBlock": {
      "value": "Blocks.DIRT#0"
    },
    "underwaterBlock": {
      "value": ""
    },
    "airColor": {
      "value": -3342337,
      "falpha": 0.0
    },
    "grassColor": {
      "value": -13988161,
      "falpha": 0.0
    },
    "foliageColor": {
      "value": -15634274,
      "falpha": 0.0
    },
    "waterColor": {
      "value": -12749165,
      "falpha": 0.0
    },
    "waterFogColor": {
      "value": -13872540,
      "falpha": 0.0
    },
    "ambientSound": {
      "value": ""
    },
    "additionsSound": {
      "value": ""
    },
    "music": {
      "value": ""
    },
    "moodSound": {
      "value": ""
    },
    "moodSoundDelay": 6000,
    "spawnParticles": false,
    "particleToSpawn": {
      "value": "CUSTOM:CandyLeavesParticle"
    },
    "particlesProbability": 0.5,
    "rainingPossibility": 0.6,
    "temperature": 0.1,
    "baseHeight": 0.1,
    "heightVariation": 0.4,
    "spawnBiome": false,
    "spawnBiomeNether": false,
    "spawnInCaves": false,
    "biomeWeight": 10,
    "grassPerChunk": 4,
    "seagrassPerChunk": 0,
    "flowersPerChunk": 2,
    "mushroomsPerChunk": 4,
    "bigMushroomsChunk": 1,
    "sandPatchesPerChunk": 0,
    "gravelPatchesPerChunk": 0,
    "reedsPerChunk": 0,
    "cactiPerChunk": 0,
    "treesPerChunk": 15,
    "vanillaTreeType": "Mega spruce trees",
    "treeType": 1,
    "minHeight": 10,
    "treeStem": {
      "value": "Blocks.LOG#1"
    },
    "treeBranch": {
      "value": "Blocks.LEAVES#1"
    },
    "treeVines": {
      "value": "Blocks.AIR"
    },
    "treeFruits": {
      "value": "Blocks.AIR"
    },
    "spawnStronghold": true,
    "spawnMineshaft": true,
    "spawnMineshaftMesa": false,
    "spawnPillagerOutpost": false,
    "villageType": "taiga",
    "spawnWoodlandMansion": false,
    "spawnJungleTemple": false,
    "spawnDesertPyramid": false,
    "spawnSwampHut": false,
    "spawnIgloo": true,
    "spawnOceanMonument": false,
    "spawnShipwreck": true,
    "spawnShipwreckBeached": false,
    "spawnBuriedTreasure": true,
    "oceanRuinType": "COLD",
    "spawnNetherBridge": false,
    "spawnNetherFossil": false,
    "spawnBastionRemnant": false,
    "spawnEndCity": false,
    "spawnRuinedPortal": "NONE",
    "defaultFeatures": [
      "Caves",
      "Ores",
      "FrozenTopLayer",
      "JungleTreeForest",
      "JungleGrass",
      "Lakes",
      "OceanCaves",
      "ExtraEmeraldOre",
      "TaigaRocks"
    ],
    "spawnEntries": []
  }
}