{
  "_fv": 34,
  "_type": "structure",
  "definition": {
    "structure": "jungle_stone_pillar",
    "randomlyRotateStructure": true,
    "surfaceDetectionType": "First block",
    "spawnProbability": 8000,
    "minCountPerChunk": 1,
    "maxCountPerChunk": 1,
    "spawnLocation": "Ground",
    "spawnHeightOffset": 1,
    "spawnXOffset": 0,
    "spawnZOffset": 0,
    "spawnWorldTypes": [
      "CUSTOM:FactionAlpha",
      "CUSTOM:FactionBeta",
      "CUSTOM:FactionCharlie",
      "CUSTOM:Minage01",
      "CUSTOM:Minage02",
      "CUSTOM:Minage03"
    ],
    "restrictionBlocks": [
      {
        "value": "Blocks.GRASS"
      },
      {
        "value": "Blocks.DIRT#0"
      }
    ],
    "restrictionBiomes": [
      {
        "value": "CUSTOM:MagicalForest"
      }
    ],
    "ignoreBlocks": "AIR_AND_STRUCTURE_BLOCK"
  }
}