{
  "_fv": 34,
  "_type": "tool",
  "definition": {
    "renderType": 1,
    "texture": "knife",
    "customModelName": "knife:default",
    "name": "Knife",
    "specialInfo": [],
    "creativeTab": {
      "value": "CUSTOM:EriniumTools"
    },
    "toolType": "Sword",
    "harvestLevel": 1,
    "efficiency": 4.0,
    "attackSpeed": 100.0,
    "enchantability": 2,
    "damageVsEntity": 6.0,
    "usageCount": 500,
    "blocksAffected": [],
    "hasGlow": false,
    "repairItems": [],
    "immuneToFire": false,
    "stayInGridWhenCrafting": false,
    "damageOnCrafting": false,
    "onEntityHitWith": {
      "name": "KnifeLivingEntityIsHitWithTool"
    }
  }
}